business_id,top_stars
b6iRcXuML9Bb5ZdhQLA-GQ,Yes
ffa4Nnlx8mb_zE-CF8OVww,No
WZZlerVr6iKbMecNlO-RAg,No
rHAlUFl7IF_bZsynM809HA,No
GFFcygNKE-xs9UNxWHJJCA,Yes
BACOUDAGv3bIIP-ix9sM6Q,No
8MCX-X6fsFSC6bJrjv-DIA,No
5ZkySac1i3ic9jMMYY1cOg,Yes
ojmBANA66KiR91T8IwC3xA,No
p1BqVBxSr6NthgqNzcrIVw,No
iIi5NsS-URKT36fsSzK1Wg,No
byO0KTArPZlhMtAdn4aYEQ,No
cmblgS-29fSY6bLIwdc2Ag,Yes
LX6-l7SqWZO_gNwJ7nSa7w,No
Emwyz45wZb0mUEJQhVK_6w,No
QcdECWbtZTc0GQrYHlaxBw,No
swOhj4eTkVbj53UoT9BQOg,No
2GYLcXyT87eOXnIzvih6OQ,No
Vx_UR1KXErXbMo0PtyptpA,Yes
idaMGWwvr8wTgMPTgh2GYA,No
V44NY_eX5uOu55FZtmqrNg,No
Irp5sgl7XASH5ZTw2D47qw,Yes
R5OCbfCicTa6U03LzU_nUQ,Yes
wd-Grjf40-F0oVvZCS56hw,No
7RVSHemCENX21z_MQYKE6A,Yes
ydqnj7F9j2Gn6hkPX58Iuw,No
Ij8lZ7gc2tLk4gfhs_8UJA,No
tBYvSXdYG9DxJczMN-ep4A,No
0rEieqsJGaX2euAgD0BA-Q,Yes
fQNWDHq1Sw1ffb1A7cDfSQ,No
WHSA1dlIJrVZJ-y0UTlDng,No
9KRP_0teMMt-67_pT_TwEQ,No
XZdGLz8a8AE579O94llSpA,No
91Dis9e6sPxlZyQvpVtqVw,No
sr8kHKKlrwyKZhCX3xPc7A,No
6esFafyaEJw-iAjCoSw4IQ,Yes
UZUjgF7XW7WkvyUb8_qCiA,Yes
fphQ_7YFnJ39Stw-uos4JQ,No
UoYSCam-k_hMmS6OInP9Iw,No
_jVEc-EyGTvdqWbet6SIAw,No
rOp1I5bnfhdloaNUGwIlxA,No
t4Kj-rCm2la5MTwi8KJjvg,No
3t3Jxq8EMqX3VA_qG6tN4g,Yes
pWTcYpuSSifEityl1t4iBg,Yes
5g2XioUXR8ZrXrUcZoGchw,No
EBE6CddnNVsmD02H4xHY1Q,No
naRPOHtp6tN5u6uGQodqng,No
HC4nQgF6OM3h3lCv9LRM8A,Yes
HjPENO_2kLHeZzxEiDpzlw,Yes
HkVKHDwcKOSFWogsV0CJMg,No
qyxeb-o66wtaK8ZauyXMSg,Yes
9lSxBpYG97cb9m2ggpstpw,Yes
SEoYoXdmRI3vvC-otMBO0Q,No
IpL2_zjv26Mrfu1SKWpsLA,No
FAlD_HAJXVscJLs38HO7nA,Yes
OLl7NYvQY9jmQRNzncUOyw,No
psqZvk0lyOtEnq5KptF_VQ,Yes
mVgBJIjRBM7Is-2--IpEZw,Yes
mHhD2ICjrZvJ3bab1PwEzw,No
5K7mfIFJk9yL7alNYxHFoA,Yes
rG39QD7OgYiTH5Lp-wSfBA,Yes
xcPROsVXJzXdDb9rPddlJA,No
QmDc7z9Ih0bHrDq5xRDaPw,Yes
2JVtFANDHMVw7ZSkAeyK2Q,Yes
TVAGjF7-Wh5jDw7bG-QnWQ,No
Z3FtFjr3W0XZJJ8hbj40zQ,Yes
soSelTAByp9n4vMIOswDVQ,No
2yuMreGLJA58xic_gyGA5Q,Yes
VMWl0P-6S9nvXemAvmxAqw,No
XKWFQTih_2IUSIYXQ3gs7g,No
m4ANQnB2xC3CUEvTSyzYfA,Yes
JeFJRHjqmfsjcVSOTMQtzw,Yes
gOBMcV0e6YyP9_7nTPnn8g,Yes
Ul9Uw6JO8d4imoj3jqMZLw,Yes
PK03oAYGXfjy9w5MEme_cw,No
Sx1cYOlFdZqTCNe5pI-BtQ,Yes
xbTkgXyownGecu-TQxnR-A,Yes
bFAgVuEx5qNa2gBV5OH46Q,No
YhNxOAihYXTkziyNGOErDg,Yes
5wJkOvTC9AvK39uFDlM17g,Yes
TtyBItYez5xct5gfwIT5_Q,No
iHX7opPMl-Cs7cI91YzmMw,No
Z6CW9ogZvkEEiAFqYQfCkA,No
jl319aAtsRKAueSPdwr61A,No
lTwSmRU7mXcBSIFWb1Ta9A,Yes
fm9yiVHeCVkY5VfUKIdwOQ,Yes
Fua4wspyBwJYSC47FlYZSg,No
FznRWr68zgIV-SkOGNveow,Yes
DCYbFwuvdK0Rm8D8huZWlA,Yes
jx91IMdGOmLOo8h_F9z39g,No
B6LzQ2xbtJrFsICoIukAMA,Yes
iotBU9jCxGscNEO0GLkS_w,No
E5KQwzqPogBCoGFx-n1T6Q,No
aVU2KDcDRoQ83Tyouf3qUQ,No
s4HoWj84JEsI_a2qe-3fbQ,Yes
b_Uas7IApmmcAA3796Ostg,No
L0wkhTfihzRIFduhWYZHDg,No
QthvEdHEYIYPfG1yb7Lklg,Yes
G4gqyR8NA-xODmJqdmoaog,Yes
wh9Y46OM8WhBRFLYinqHEA,No
k01dF8i3_yXRS-_D_6ab2g,Yes
OThSRLbbRDTAKcjK2WLYzw,No
vVdD8heYO10aErcB-QZ3Lg,No
e_GFu6_mI_Y-eMc6hXqPZA,No
XPANbVAnWBcOqwM0GILb2A,Yes
7lrtMW3X5fzZfLvUeB2ljw,No
F0bzwEt7ifyXS2wHv8QD2w,No
-R0qPRRZ2iZhPH2ndOXrvg,Yes
08nhaub2AivW9ol1zDJmbA,Yes
oJQAPJsTkEc6hASbxLwd0w,No
XyoVQVhBfEA4HvTUxIL5Yg,No
VcYLItq2Z82XeFEsZ-3SQQ,No
6EEWQmSsaHGuZ7O84OPBuw,Yes
NhJVmAdZqEiP1Zfr3-LezQ,Yes
JDDyho48IIzBpkOoVgSVsA,No
2WVyMRwU-vHmjjHmkLYHWg,Yes
TpWXyxk0WJcKbNIQoBtDyA,Yes
FlIUv-cyWtTcrF5PhyCuQA,Yes
dkzLhYvaP8cb27K91ZNvfg,Yes
iD58x5BHhMz5ehKjddTHFQ,No
ilTGoKCNu9qkCZulG3qTKw,Yes
JFb-vav4GrFFLn0GUJGMOw,No
T7Uv88bd2GtcPEe7mKmf1A,Yes
4jQTzIaCUPaU4wqMERR-PA,Yes
3dMNzKFgLIsx1Q97CJq3gQ,No
3h_MFJ_0ilvk8tWyMScR-g,Yes
xKTSG4jKSj25SUmvPavLdw,Yes
RweUC2fT3Q29IE_Yer3Viw,No
y5UsC6gCx86k13Rfw-uLRg,No
hUxQRidL5CGsY0VBr8BEYQ,No
_OovgvTryOGKmIc9jXzCeQ,Yes
xQCZr7fmC779Iu3e3t1yGg,No
qPUcze9ocxMF5LQkWocddw,Yes
Jfwrs3rGA56Q7n2PzG4pdw,Yes
6YO18jZnRzjf2-XV7defDw,Yes
YaUGYnfBjq1V-sI0BSokSQ,No
ScwkqJdlx57x9HZ6IwX0Mg,No
SKt8aPGeujPVzcHZewwGJg,Yes
3rWXOqU6bJhA8relAKuRfw,Yes
GgDKxGZBmzdyWmExESK14g,No
1GvvpiPNaS-oSAo14g124w,Yes
TV97nHRNb1zT5qlUSRBlWA,Yes
f0ztP5Rw65bSg3AvTLFklg,No
zR9V_-2Dr-Dyz09xwFqI8g,No
voxYTMy-NWJrLjpTOF5W5w,Yes
cgAiJF7-YckpiPfgwSwAUQ,No
W4S9PIWTfRlW2lwPPunFvg,Yes
fhz8ugDFQWOx8l0Gh0-edQ,No
KUj6sKEzkwLBGC-nflQL5w,No
vUDt6bji9GbLsBFw9FztOQ,No
qEJGykxRsiBn_2DXfUREFw,Yes
UrWmc5XMmIzOs168kYwBMQ,No
7wTs-Ec5e0jVgxf3g-7-bw,No
uIrLIJ0C4Oe_QjUqzFvbLg,No
GSXWrv67AHbx8X4ysXsG-Q,No
iV1m5bNWATicpdCZ-4Hifg,Yes
n5uianHbBPqEet3_4U9vSA,No
zfasUshwU5NhibqKVQ7FIw,Yes
_xROQW3HOI999RFoxYCBwg,Yes
1xhWJBptefkbo4OZOiq-eQ,No
gfb_g-dui50x6vVszb87ew,Yes
XpmzqoPreikzg2h6ItEQ5Q,No
0XPrl54yFb4mLsYfyKXzsg,Yes
pUA63fZwACIhs4AbXg6MVg,Yes
lEW8wLstFLdNyPizSzrxeA,No
poByVulEtvtNxmlQHoa3NA,No
A7LxtTeiOLb5HR4j6bMuMg,Yes
3Unhqrfpnlh3Zlidk5xznw,No
WOcvmTWdCoC6GeZUdSsgdQ,No
o5Smiqhr_zVbGT1hc3K-dg,No
79GkYezT7sTpLjeL3TX82A,No
XXFCvc2vRvQWuZvPcDPx9Q,Yes
zwhSGiftT_yzKSEmMCol6Q,Yes
yx197kJGTjZWpaHbFzoXlw,Yes
g80P6-IgpA8VP4fvI6ubVw,No
2MN7ivd4DLCvmyoE_g-4qQ,No
L6Y4xiAmIi1hlX-ywdyO5A,No
wJIORd1RbfPgs4qGWG5oFw,Yes
GxGc7S7PRbwQCmWFEkBMGQ,No
6p5m1KrtkFdphJcBsfCaOw,No
WSkc53VTIbO1PLJAsOblSA,No
PGBwEexCygp-TohrZFOQKA,No
ko49366kgA7-HxYuowK8Aw,Yes
IjDXcfC08t3ZUUruUXzM0w,No
3203k1hyaxa3PxkKL0R9Ow,No
cXkI9u-3NWO0bj3pbGOLSg,Yes
7w9r5DowNZw6Z-DM4_SmLQ,No
737kbUmDNRSPkw-77PFcNg,Yes
lnZdisH-yJsc0OptfkLsoA,No
fMZRia9Jq8CXgP3Wna6_gg,Yes
70ma_UPtDi9ujrPHc5_AdQ,No
w4InJ8neuPwzYrYDENOyKw,No
gx3GrhYlFR5-fseUoPa2eQ,Yes
o3kdf1lOOVqiyjtEyZDzyA,No
-zeTKesRfa4Dlu5rVQIBqw,Yes
Yi449S7MV072VqCC93QNNA,Yes
V0hVPjYFSe9AEeUMsPU4SA,No
Lev5m6EnnN1LimuNV5y3eQ,Yes
TAECv9cqLgBWRl6mgSbaaw,Yes
ji90bdH2iSY8oYePl25UKg,No
3bV-q17m0SBbkSyWzqtpzQ,Yes
IVl8FC2S9ICn3aTSsaBmVQ,No
nZbaFdWxPJv4LcSvMQIamQ,No
dvlIHQzuJXh8Vcv8AOI23w,Yes
--6COJIAjkQwSUZci_4PJQ,Yes
FAKt-3vxD0hxltP1Os8dhQ,No
FXqOtUY8mwbOdbeNUlzZTQ,Yes
bfiW0j1HVsL0WayOoI0LVw,Yes
rozsZFhpGPou4b_AmNZFFA,Yes
nz2j5kOzm0wXIYkupTqQzw,Yes
6m98xsazAmAV2qjyL2BRiw,No
b9UhYs5PeNdILdBsA0k85Q,Yes
lbDumHm4Ot7aa8cSuzwwUA,No
JqREIgE021cc3RPpIwBOag,No
uJ6w42UatQ_3OUOFAcYWag,Yes
SKsUpY9XtReOud-chZbnCg,Yes
WnkMnvmDS2U6Nwt276oSRg,Yes
ZehEdNbwSBBducVmEJPrXA,Yes
VLAtdvpbNptuvz0dH0kwMQ,No
bL8RqB4mJvJaVquEV3yeMw,No
tBmvhOtkAh65TANO8H-CAg,Yes
sJNMic9YAN7rSy8RnHZ0qw,Yes
qFFf_lhNr4CxMqE23FYO5w,Yes
xJU0iMowLpj8JiLtNqa7Jw,Yes
kBTa7dWZTk1kXojnXgqmKw,Yes
W60O4ast9uAq03n7nzcHSw,No
vMXnz8koOy1EkTaOZlVG8g,Yes
TIXiYoPgY0ghavntPqYmZg,No
gPWV3PV9KCtFVZy2Sl7q4g,Yes
As1eGGjB-kWAPxOQwl2Kxw,Yes
RU87J8K9SNeMgU1RYhOYGg,No
_zJmurMkotgE_ALtp4D5Kg,Yes
O0eeUwl6JRkr2BW0g5wmxA,No
K4UY12n0i2UOXLNc-7HpnA,Yes
xtxZFWgU5_ZBFRHDEQShKQ,No
Zt-MsNfSJvhqg4YZL07PcQ,Yes
soEt_YvoVWbwVEMqMR6_Kg,Yes
wE68nDgjVSPWZgcMjEIwoA,Yes
zXrzP0S36SmwnhyXNSH7bQ,No
K31lN6yHY8wm93P6PNm9JA,No
pPYzAB8US5usxxRCgeOEhg,Yes
es1uVr0QlXPI_mRoe9f2ew,No
PuPuAypjUO073zMG73s3kA,Yes
XMjvZ8NUbh9eB3qjZ4KkUQ,No
Aw70lS_IP607QVA6pNHJGQ,Yes
Ba9UAZ_GEL0DG8mwm2HkRQ,No
prnWhrmEoSU8T-WCg_H4XQ,Yes
-FNjIbIqybETW-eUaNMbLA,Yes
RZEEoKF4odsIg_GV70xD_Q,No
ajQHFATtBOB4YNjv0f99zw,Yes
kkMPMr6m8xbDcSjdwoSijg,No
Un6K34ao2OoEe5fgvzTopw,No
iKKSrnsfZEugat49oQdzxw,No
KJkw5Iq5cGXsMmQ68rN-aA,No
_6BrVZ8q8OUpKprKXoopRQ,Yes
U866AvRWcBYtyQGrP_Vc6g,Yes
12mxWT3BRuzFlm4jKr7-pA,No
zMp86mJ_SGvQkFnKXjpXVQ,No
638-H2Kh1ZKCs982l69RBw,No
iqNX2VfGGjm76_4MNdswjA,No
4O06_TlwXWkv5cQDajvzVA,Yes
sp2Tn2zANChksCVw8OWWWg,No
9-gSCzV0UsZuO07m6zFP_A,No
EqvvmROsoa2iFTGsrtZSFw,Yes
0vSpi2lFW_zWYaLj8ZOdoQ,No
juz9PQwych5_IQdLLqqi_Q,No
cJ90innyQplCj5dK8K4Maw,No
rdOPjeVM7NffabnMEtFFfA,Yes
Dk0E-3yZFTgPgUU2FetQ4w,No
BHcV1_RzAvWI796v7vp5_Q,Yes
EFtSH7CIXxZrNItAEkoLwQ,No
6x37Mz67qlJAAPONmb4DOQ,Yes
wVTbg_ZOjqYwMNTdfmAx4A,No
ESMBwik9e573llOiOUok6Q,No
9ozU4fOePOlqW3dLoxqgyA,Yes
gPoFYVYcYiCrm3J18oTUnA,No
996ZfIPpSITvHLa40-F9Rw,No
E7cVR8PVimN-b9u1oKF04g,Yes
RPqmTtTNF3tPXhBdHJFxsA,Yes
GrcoNMFGzKuv7OaOqLNc4A,No
mMmmux5scikpdWeV0Hnu0g,No
lk_Pf67uaChin59jhW9F1g,No
41W2XwM6pnDR92Yw9v2QxQ,Yes
ciRfjLH5_2dRumxtixTg-g,No
pGmpa4FushV4i3sEJZ7LqA,Yes
s1x1-u3rYB2se2iQEMaPmg,Yes
Hwj4O3Fzl9VAUcvfaxC5lg,No
7mvcTuFEz6h_Bd9DZp-eRg,No
FFC02nfYzACZoqObr6tP1g,Yes
v4_XjuxcnEaztoN9KxzFbA,No
_PC_X3tOm5ivqtOMWEKkew,Yes
78q4Jwg-pu1tVCC0ZqMMtw,Yes
Qimo9ft6hDl70mFqTNCEIA,Yes
pj8yEXVlwjXW95J26aX07w,Yes
QLavaVgcy8u0gpYbSPLEqw,No
9U9RUKDf6a8vadpBGDMQSQ,No
0nYw4Oc6WpkC0lQAumwklg,No
hwwCUZdQ5xtbzFQ37uVO4w,No
mLn8qCphHL02NFJH39pTwQ,No
HI9yE2X3EggNOZr9t0ulNg,No
Nxe8WCcTLbvKg6rO-WDklQ,No
mNWjBazCUCets7hMgaMvuQ,No
B3Fye5_t1atxz1fbAzoOJQ,No
in5nur8WHXW8Z6G2-RFllg,No
nD7Zm26bWyhNcELMoE72bw,Yes
AZBL4ZwWyUjqmC1wAjWSNA,Yes
sMkk2g0CTFyaHs-eF3dcHw,Yes
B4fLYuvN5HXHoJXKG2j8WQ,Yes
WXxtWVY8GkVgk3ALBcruXg,Yes
s1WSUTAgUPGXJ7ACfgU4ug,No
uUIb2uLQLLRbGrBIym4lyw,Yes
2QnmgQTIi0c9TpbamhJWDw,No
iSgAUUgF_RT2NEIXIluv5w,No
0DHJw7c1YBHGYu1F1JG11g,No
KsnpMfl4-ECw-_o17XqhPw,No
GrxgjP5pyc1jegBdsIoo-g,No
7scQWxZNPj8BF0FCURkQ3w,Yes
YTTbDuhweArlmjsOFoQxrg,No
Wq0WgCjqBef25G7ekK42XA,No
gXPeMjI_D92gG53mZZKmAA,No
bROKkuENlGNsgglP-a7a4A,Yes
mbTc13OZ4HNhlrqqJAWzkA,No
Y-tCpJHgDgB5LRFAD0MThw,No
kFM82FFq3y1Zzm0UR-bJdA,No
LITyQa99N2j6r_Q5zJ3CmA,No
U4gugSv4ygL_cfJcLgMpAg,Yes
ocK9qw7FkUzNMgnoXcZ8yQ,No
_gMGLnB9DxFA8b46KoNh2A,No
mNNAw7dv4ZppIyI3Povang,No
I-K-gazoOof5MWjT_MmZag,Yes
Uka2rQrKf2dS6AhRUKwzrw,Yes
mfyEyUi8y_DQod5aETEN1A,Yes
c0sJbfABdqMcgJUOl_MU8g,No
kdE-W80aUZev6sLEfOLvYw,Yes
5hZSDjy0aePG0OCJbspbpg,No
yYUbaE9QH9EDEiSyEGyZ9g,Yes
26CgmajAEW_oD06E8RBCwQ,No
20OqAEfKCma3wBuCBywMnw,No
7gNnLMMaol-rzYveud383w,Yes
ncRoLv6zWxQaMjLj1ZC_uA,No
4_oI6svEi8v553fq3YaITg,Yes
-9ap9pStLtFBYoMLRl7hVA,Yes
K1oGuREct8UDmL9s9JVMjQ,No
3thW8u8cgdCLKgYhKMhXBw,No
uXAfWF6spfysdR3OtGGiYA,Yes
9s-i3mcy6r-HWw3FK1a2BQ,Yes
ytmTmC6gJfXX9lVcXtP1Qg,Yes
3KJ-vK3xNUALksxjOrVPQQ,No
W9LZXATLIwwcWXMgE4FFpw,Yes
5Pbs2NEEaImU4cO9duvYYQ,No
Hvwxs3zu4axmSiqYDuCTKA,No
0qxGzsqWD5ryQAm6paHhXA,Yes
fBXVbTEAMTUtiPY3K7f0SA,No
98hBQYBIYtPhFU4ANlJwdQ,No
9VaPtJVziILHr4ghXfzuSw,No
9qA__FbpybjsM-90szJ66Q,Yes
7UZf6BpwRYTLXOYli8aIMw,No
RLvoJAIdTp_9apgvrvGCWw,Yes
szy7EAvtUkp7jxsvWcY5ng,Yes
xYVib3RBn5IutuMoxRIU_Q,Yes
7VYxZqtwdYcb5ZM3XtswZw,No
4Du6XaiZ76yvd5BTGsHaaQ,Yes
jABFzSWTn9mIMDEEm8GV-A,Yes
KBl_6uki9KDwpeCtrq3bnQ,No
6FRnM77PFXsLy0d78IMK3w,No
pqbvEG6UV5Yz14PoRlqGBQ,No
NMFFsgYwVRMj3rGSWITAIg,Yes
4l0HGHam1DVAlsFgBcrUFw,No
gbGNZnvCoYaBqCcEN0iPyQ,No
5Oah08xsECBS71zJd68pXA,Yes
teMZ0eDosNcvYfoc5AVqQw,Yes
7l-dmGFxtuDfekEPcxG00g,Yes
Z-WlcOQUDd4271anhUfLNA,No
ZKDiesLsLf2e5tyQkrjtTA,Yes
g5hRiYbSyz7PYEfP4x8FBA,Yes
EIuJZdBGMYr9HLRdszLzDA,No
cv7EtqKGnedClr_qCCdc1Q,No
tfDzc-AtoOC3UXWaE1y3Rg,Yes
VnwMPYrDRN4Fjk7rEhHFGQ,No
9P-lp3AWDXGayDqJz9VPwQ,No
mQQ1_Olhavk3pYBhmyYzlw,No
JTNfXNofJDYI67VC62aEiQ,Yes
4ZO_inB-GCbyH9VQxU0c4Q,Yes
ASersN0hexSlRlc_zEz-NQ,Yes
M1OzIYtd0pNjr-z11U_Tjw,No
ctVkuKTdzAlAqeXkJgSWKA,Yes
jJQ6Km3MeufB2P_tZRSbrQ,No
yI7z8tn26VBcKfBXQRWwYQ,No
zn6v37LzwfjdU_CwD5YJKA,No
bTT0cEm8oisMg4-Nd0DxXw,Yes
W7VsbLdfz0yDsO99DzxeaQ,No
CvEWKR83etHNT1zpsVUlnw,Yes
Tzuf9hwyB9WR5ba3xMmy4Q,No
r_sOAVfNPaXrpjznZpuxeg,Yes
n1fns5Yi42p1JLIAlJk_BQ,Yes
7T6To43ofTxS_wXcSBLgaA,Yes
xHJGJv9PFiLR4HtSMaRDSA,Yes
vcy-EO3YE5dbxB7RiU6f3Q,No
crCvT9DlNVDsLa4tk3Bylw,No
DB9gNa8YPO73eiDTAnx-Xw,Yes
gIg6eXZppDq2jjVs9-JiSQ,Yes
U1NvHvJEJvk74N0_Qd7jFg,Yes
VXRRW5xzNYM19oDw88M2vg,Yes
2DoGLN_501e17Bm8TDLZbg,No
RFhEnMxAKJw4sm_jPYeaWQ,Yes
YgSpVN4zStgkbULQTKtBZA,No
kka7ex7BTehURVCk8kctww,No
0ZRpi6S6ogby5IALbpZVBg,Yes
6DwR5rF1s6fJn4f-Lvfbuw,No
0vkmpauxSX3hY38U5sYJYw,No
wD1KxVyVQ5TsF1ReaMBHYg,Yes
tSqfVdT5EFy39-VHh2rOUw,No
3ROSyyzUPPh-45cqsgadcA,Yes
FZycJa0TtP-a7jREdKiE2w,No
b0kmpwni5pNY66uDqZH6zA,Yes
rfJDFKHD7LU9tZpBIWeQyw,No
o61Oj3XWTRmjMeoKKQaVbA,No
h8eGKUwOmxJpiGO5JUOn4w,Yes
SyMVv-iochwTRzCCWuZlqQ,No
pN-IbxcA9iaS20oAowIaIA,Yes
btsFRv5731lsGeJ9613jUg,No
oQb8qSoddfZmbrEfaNnjlA,No
K64Er207uHirF98whh5wIw,Yes
UwKwzfJ5M7aEvu5zLPQ9VA,Yes
uyR3_ImJuKVC5XbLWCrFAg,No
l5gz8C_vP_aN-Th5gysSuA,Yes
D8Hw8c742HazEddfS9UztA,Yes
0Qo05vr-SIml4clER4zThg,Yes
C4h0X4PkVLo-7mihFkPsog,No
0_XCGGG7L6zIFwDbTTungA,No
gSdACY4OA85hnvGEyW6f6g,Yes
6W93hyv3rLRsuhRMpPl4Ew,No
CQC9817WwmrqewQhC3UDOg,No
7GcexvTjgyDcGg4I9U6aPw,Yes
quba423Majp79sol6pl7_Q,No
ExsPDIhdiQ-9tRfxdMJ20w,No
ytOdBguhvjLInPlv-N_i-Q,Yes
9iWVBWFS5gNHkccly-S61Q,Yes
CyIi6Sry9WRUn1EqcD92-Q,Yes
7_Lk-vB-JjiAVOmeRFI--Q,Yes
sNc2RO0QKitsxiKm1ZGewA,Yes
ycblAFAoRmXNIXDuUCOaEg,No
WjFKYw7CbEio0EdDHjU-cg,Yes
1s4cZGzEUef66x7Tz6oBqA,Yes
OlSrZwhcNVx89fAoL3DLHw,No
WUncEUQ7hAMSgBx-dWfJjQ,No
Jllw9aE3QG1739MSzUZesA,No
O0DuKUwcDinlpTl0VvOUwQ,Yes
oNKEDdhRunMSujlMxXbmEA,No
3S0uX9gYHhJFiearkCVy6Q,Yes
L0hRA3IQP1nPwPbyW7JmJQ,Yes
SigETn-4KLTLJSGBEJnGCA,No
qASVVDOsFCf77mXZDSrJig,Yes
IEPMFWZLoHDhe1-XIXrGMA,Yes
0phHtV-uUQQ5oECrkzlRUw,Yes
2KtBlWVoKiqJZtlZb9jxmw,Yes
jpbNwj1eEK9COLsx3L2VLw,No
tm8d7IAsQDMjXdwg7dLVqA,No
afhbUcd6vG5wXf-j319Elw,No
8id7ukmWGchWCouQRPLXQA,Yes
SrJ9KsI_Ni4TxsWDUQ9NPg,Yes
hrPYUnwfTUUX0u70N3WECw,Yes
RCiDqkIHatRlB5GFN0dilQ,Yes
ngxBSseIkU8eI0c5o37BsA,Yes
clpmC0TdiBM44FcBwwX6ag,No
nVoEe0RufEea2kQyKMh2Eg,No
B4y86lvg-FI7hzxf1GNCmw,Yes
AO_YD8MYJjFXIb-dsHiUuA,Yes
4f1MpunVzcEZ2v4HNQa2uw,No
sOhiw1KjaoGbFnGOmhIFIw,No
ACeZmT3Wlsz5iH0ZCIsJwQ,No
yr0HIuzSkJfVIDEgKOdkVg,Yes
zBtLEkSY1eIk8mxs435YVw,Yes
9SgqGk0FL8Nsks_D00TwHg,Yes
GkwKQ4LVKjEkxT40oYz-PQ,No
fzfDmwHJCiLat4bZ5gffbQ,No
4wdqgsX47aCFXXQRroSRuA,No
fIycf8CE3mywqaGhV9qFcw,No
C6PlJH20Bvet585HO-WgSQ,No
7QT9RmSgX5CtUsmXKipA5g,Yes
HQnPPE2lylMzLgT8bVKfTA,No
Py5CqwH3oIZ1XOlOWheqMA,Yes
exi2Sq6n3Fy2SueIdk4HQg,No
2oqo5rAaHigfbjuxeWvW4Q,Yes
QxwMKvWZ9flt1l_JbAiUCw,No
bIn4AVsYQ2HeV8-PKUGc8A,No
QwubZEbnNZ19SiBm5pvWJA,Yes
q98Yd5bXveTZ_tnxJc8sXw,No
59sBLNaePP11Bx1cQkIGVg,Yes
RT7NGM61fZeSFuZ6x618oA,Yes
uAM_KTPoknCgegRxzfHjUw,No
Bmza0-JyeTAHaU9EmHP-Lw,Yes
OufM-a9rjwzt5bxspArtpg,Yes
0NMKb4H_FSMvQyRLyuGyFQ,No
kT5DxwBOhz4nklt_qJjPgw,Yes
Mb2pYNucAmCBQMHh_KJ24g,Yes
Xh1KcBXSiEA3HGreGXn3Ag,Yes
OkKJQR_xrvZxYUvIDBfQTA,Yes
tzN-H9aYfB3g8E-rGHgegA,Yes
QyjMD4ZFz6U9iszDofG07g,No
BPyxmdt0JI7ENM1Apaj6og,Yes
Sgv0j1zeHWxVwc5eZg4LzQ,Yes
beNiSIWOEsXFJDuKn9xEpA,Yes
ClKtrr9LUlmg0rKvMGEOZA,No
NHuluZFG1WSreuopaQVcng,No
9AMc_JI9-eY5uJbuI2q3Hw,Yes
RoCop_-H4YHp6kn2cNXrJg,Yes
oEzKiacCFcrQaGQNLxFTLA,No
E7rshT96lRjmj7qWJotQcw,No
PCshjvKqpXilDFgtQJYUWg,No
Zj9Kqkt4K2-VnlUEMg3_Sw,No
86w8qN8zIRqimOuaSYKEYA,No
5nUjcxjMpcuMkxfH1YWlUg,No
LiL-pKrOcxdXQa_22Jbfmg,Yes
HLGww9IEU2BAxthBENg7eQ,Yes
E3Dj_Ic-Rwx4aD5jqR8Xqg,Yes
4pTumHXIGCftcLFFOUz_0Q,No
69PPEbqZCpYTfJp11VoLbg,Yes
nPHMiOqJUFAoi5dWESlQwQ,No
XPWCQZJPRu08MtjceGyOaA,No
aXa6DuvcFlsuFqPn-oGeWw,No
RXpfpAPrQvndfnnJDOE52A,Yes
ZA3u0Nu5V6TqkcYh8U0zdg,No
NqpXvysG7yMusgrBKvsrNw,Yes
juoPjr0pefqQLuz_tnZz2w,No
nTui3DZYRLlvyyrA8Tk61w,No
HdxZSJhbiboy-6FO7CYr5g,No
A8cort3a1bVgXXw9pp9m1A,No
6qQWR3adijPHnIlqwTjdtg,No
ISPiLbKxp9XXRArq8IgBAQ,Yes
pEdDvPYiXoWHkLjEkF_vYA,No
X7st9bqZkkpwouCZO9jYyQ,Yes
d9ILOZv34sCncChqTokTvg,No
sHmYWLsJM44yoU8YyGaz_A,No
Hv0Ne3xbT7pgTPUqeanbEQ,Yes
IyLLref8p5xTcuO7SpHf-g,No
F6lPGe3gA2SIaHaTvqrq7w,No
1EcVtrjzawIbxgTYtwpMXw,No
yFKLSH_a1o_-E98o0Yv-hg,Yes
VR03Sa249Rs7AsVYJ_ei-Q,Yes
O0Yz9aaY0NU85Y1OBsAiyw,Yes
I1L9cCfir_0B23mREnQhVw,No
-wYVSpfXpqojw3WjoUFIUQ,No
ShILLkCk8UZ3H5qJVC5bKA,No
lgCyhPV_v686jaYxqh96_Q,Yes
I0ERyZ7DzGHPevfeIVDV5w,No
ch1s-8diqi4DUYiiOtVtDg,Yes
jHbbe8mqKA58Stl7tKRSFg,Yes
3tMzCPeeSkgJZoUcK-_F6Q,Yes
nr-mqFFdbU07vMi7_0ZVZw,Yes
ywxapaOnDn3wyof-35BUIQ,No
lZ3oSpjyMZenrzPpEFOiAQ,Yes
dNGJuDQFsmSU6ubh9YRT8w,Yes
QZxHajqmhifn6Uz6JcUyNg,No
WamRRiJi0x_cKrZ_68zjqg,No
BUAqDt6h5oVtmCAQwmNGcA,Yes
3XrqDZs5Ay-AxFXw1RpUPg,Yes
1QtlS-B28p7pKsXWzd_LMw,No
ElI5gXgm8j2j4Id5gZXvCA,No
G0hpzvq7rTE6cLoHGpQAlw,Yes
E_kBHxTkkMLW4SCTnwZv1Q,Yes
EzzSEvgKfrnyMqTBRuSH-Q,No
H5aNiDC_sm7T6tgKSOSfjQ,No
ue1_bdSJHoOXWN3a7S5gQg,Yes
tKSw_o0rFPOUrIkH0742Kw,No
416ujgcvbAHsfrCVQKKCjA,No
KurohczHux_IgAdfKTrrNw,Yes
raZ-XMnHqjy8dqEUnnO9pw,Yes
NHZndEjRR-RD18i_Bg6LQQ,No
QDQF5ctYXk5TQb_lAQro1w,Yes
_vp2wQ2jMPaefhFuNY5T7Q,Yes
iBX0JjZQO4FfAnI_47txSA,Yes
_dld3oIX_c-J_7U-TlaRQg,No
JZypASMULJjq9UzpBMUNmw,No
DgZbN311__wNG_LMRZqGew,Yes
nFWIhBF1lDmjV30E8AF1Ig,No
fBakj5HdIJMLcEC2b8lNTw,No
Sji-ssgpVVH-44oWzd1-lA,No
ADm5xkCMPiW1Mf7KxcvOtQ,No
mOJqQZIwCsQuzkaGsAb4kg,No
OdiRUuSftOWzAKPUs-e3Pg,Yes
ailQiNEInrCFBOOvoBJ_mg,No
K29GjBV7b6yigBSW2tWAhw,Yes
ojPHYDfB_Vldnu6ceuQiMg,No
Kb7V-qHRgm5uq4TzHeY3uw,Yes
mZJbFf3Ad0IEAHm6zCylhA,Yes
KOKPw59Sjgs9crQwIHRzQw,Yes
hTCXcKKnbCVR5aDebi-FYw,No
_xdcRxfU97Mx9TDMPg-nTQ,Yes
jp4MLRa9JBbuwsFlncnTAw,Yes
LNRg3-yquDP_iBJf10yHWA,No
1KnAGQeohmrgnfm1VVMGeg,No
1VKmliv6tfXmM-X6c7e6Dg,Yes
oFzdHwfdXOShWTK7_5dA0Q,No
BZbg16eeZy0-P99taUjvog,No
JGMz7KOAxEkaXW9spVQUWA,No
jUKqoF8gFnpcqgjFG0Gxvw,Yes
_zmv_pXhuUfDxtpV1QPWXQ,Yes
kLwNMjIyx08OATh-SwmJdg,Yes
xGaNjIk8ZHCOpBX-9NgAJQ,No
Tq-gDI9m3Bkbe0Fq4Os06g,Yes
nZ9gAde4qhL-OdBDDf1f8A,Yes
3PLOohRRd8vdsSDJfFboqQ,No
bwGElWi6I90rp05Vh1aVIQ,Yes
ydF8F-8QRkAd2ikIohsn0A,No
C4TD7lx7mbFHjqOCmMVk-w,Yes
U6mMAs_Pp8LndoqCNhAt6g,Yes
HXpqpRy579Qy5mnNlVIuPA,Yes
7TJarbmD2UfHP2GBDRSN2g,No
pz0OsDrSIuCzCQlAoMBR4w,Yes
NTlhASye_RyNEJBdqPEnuQ,Yes
yUhsAmmxoqj7EX49PKM_qg,Yes
L7ZLYyzEGmhqh6Vktku96w,Yes
gpjXZmX9SYXWsVSN3TeKQw,No
7KIkx-oL_YEFjdTHSzhy6Q,No
qhfcNOgoSsXeN8heOh8TaQ,Yes
S26gxay5At1uey7JuYEtfQ,No
g_flFWsX8EA9PbzJ9VRCvQ,Yes
Qm24Wi_TaNvS7Si_DJqS6Q,No
fubWXz5laVpUmulRAYPKTw,Yes
BLIx9PCIaevRMqlOeElGcg,No
aTiupgdxEgSygn2f2XB1iQ,No
TsSTWVT5plpFqjpW6oKtGg,No
1C8eqbeSMS6tG_Ag7ZiDyA,Yes
plCfeFJ_D3IdjowF45riUA,No
-T7lxEClfLr5oxLfgPL9hw,No
bZ3iJX_IoBf-w230XcHCWQ,No
-uvwXYEJ2nSNSvYnk_GS1Q,No
HquU9beMzql1118WnYeYPw,Yes
IKVAh3sHuSLNAB4i2RaV1w,Yes
ZPzLxtnyYhBoTdcHuiYjCg,No
qd1ZarJvGy9NYgZRXASS6g,Yes
yM1R4ZsKcARkijUYB4_mTA,No
_smV4HviZ772odpworDhfQ,Yes
l2Teq5Bm2BI-5tIag2kITQ,Yes
aYIUOh4IFzhxwTQJ998Jbg,Yes
2jRpvaFTzPiHEfe6gmrweQ,No
swtEBpuuy0TRdYM1NnZd1A,No
xtZ-d570rZffGaTKfwvppA,Yes
sCTbOX61Jhcb-4gWvINgug,Yes
9vV_80b3qfl20d_Idbv7DQ,Yes
X9f5uQ3EldyviIRI2ucD3A,No
f01KbEnhy0SgLYu2ht_pbw,No
ZggQLpRBR8AqFEu3Uyfz_g,Yes
PgtB3WAZ9T67pJjqeLgZmg,No
h5DRmPpKPN8Ekd_XVnkLtg,Yes
ZhIEbpvIYbbB_JXgHHus4w,Yes
t56cSN1PVHfX0K3nKt2d3g,No
ufdfOHSK95tPN3FKvqt9jw,No
xhdJzd1a8fBFzvGED60KFw,No
qDAVnEPwa7zVuHptLBl8XA,Yes
VBKvygadBGg6nQI6kGXESQ,Yes
dMpPN7qJuKmwRx7N9gpSNg,No
RELtAeMWPo0hMo12n7DkJQ,No
C8oJsTKfIh-Gk8yr--BhHQ,No
nHCqFpGVnuWAfPgJhkjmlg,No
N-lKqmoL38VY7CDxeowa5Q,Yes
KPViT0aZyIvt0TUQOBrecg,Yes
lAw1yfbMrmH3BShRnmhwNw,Yes
ymimO-skhEc0AdKwYoNmBQ,No
xpXh9N5UsqpkhqAk5P4PfQ,Yes
Jo9fqYUr_1KI6d9_AqvUqw,No
2nGNv0uHQ256wZjBUhWh3Q,Yes
JjYYrxYohhFjiVU_6bnVIQ,Yes
NucD8q26b6y7f81cQ1FNYw,No
ftEmPHozztOBMUre7o13kw,Yes
LsiOJQvPRIbjk5xboYM42g,No
NjSUQGXH2IpRS_iJmPUIyQ,Yes
PdfWPHlX0dQYK1kMSYcxRw,No
bBcpNAQRsdhjNcI0BmZ55A,No
W-cV5a52ML8SObGb7wAa7g,No
yDVZCRO8zpweQb5hG_XSNA,No
ZKixHFO8-cdUImQlZBQMfg,Yes
K722e1j-5oGqRcKXOUh-Uw,Yes
Pzd_wOte_IefaHcOEdcpSA,Yes
_23izMXMUNp-Hq3hYfcSYQ,Yes
5TMGUvmXWnxTwuJNWXiFWA,Yes
EY5RIejFlYE5eGrNSeENMg,Yes
f6H-8bDOmgPfcBuMfUM8zQ,No
mvphzSYo_UJ-oOPzy9nYbA,No
B8YfBTVXvD7wZBgukBTung,No
PovmZV8Bolu2BizxN2d9Zg,No
rmm9_7zPDrR3kHxmdELH1A,No
i1tXdorHYPNAMV2IU160lg,No
o-6MVCCqV8_JFesZ2Vxz9w,No
k12ibE9y9uVXJtaSn0YB_g,Yes
OVNiRWmNJuLHYzN6bIbxSA,Yes
6jKGBXJ6XOgEG0rVOtGjmA,No
Mc6rtV4n8XFmCumpeSXndA,Yes
5xsFt28xPFvncAV6BVuVxg,No
OcReLr-XI7qeJNRNGHDVJw,No
UfCh4mQiocRqzme_-L5g7w,Yes
Pg7iqDm5Wx7BDMo8w70Rng,Yes
ev5mxu0pEBTnuRmr9WHqEQ,No
G9PN82xQzO5ZeVbMiCVUjg,No
Klq-ZuGdxjyGtNmBNkrc_g,No
pcZwdbzJaiU0_ZkGhtVEHQ,No
-SNBxwUCoc_2kSrNccOIUA,No
yv9jvt_58q9ZQzl9i8xUmw,Yes
ijRScRXFgkmMW2QxziIRrg,No
-aljAp4SDy1gGZjQFpjA3A,No
9Fn-ekLTQuFgVFfZeHV22w,No
yBIhazo9PXXilJXRF7c12w,No
3u3Xllz8NezyMjH6zsGp9w,Yes
ShpL22t58k5Oq0CbAHVVxA,No
2d7e7hkSvlBwlawrOWbP1w,Yes
Lk60glaNcgwxgdr6T_KoFg,Yes
JU02ugowSnWetrTcbCuqxw,No
0hnp-Xg51qq9JAv7I1b6xg,No
jscwkDHCMPTcAl2ldy2aLw,Yes
UgVp6d2G1a2SkS5CKhSJaA,No
TLaB-QjeUJNJlROYqLC87g,Yes
Wrc6THRzxzAHMMW_MwZ3dA,No
P3m0kUqtxUpVOldHzIBntg,Yes
HvfnRuorDf6TcZX9wfYF-g,No
62bjgNa8t0jS0Sz-XDdQlA,Yes
N4KO0LNW7aDQQ6kQWG3pVw,No
ZlTbMSDS9Q85T-05vfAlwQ,No
BtxzDV1dZ-1hAjN5eUsKrg,Yes
eaot-BCBn2SVgdxyATckVg,No
bT977T9uVR0vRjcctL9cWQ,Yes
vSwfSVHwcpjELNdvZUrrow,Yes
CqtJ2kQFZVatcpN-imPDKw,No
Te7uMOlVQYCb6M5ZC3vnug,Yes
9g6gPki0kfHrfu3d6MD1kg,No
k34cTLeymmk3LTqcU8kNWA,Yes
b8wixAfPZpMs221Y-HBVLA,Yes
HIl4L-_JXZWkdyLvj2T9Sw,No
OOXOzY8EoPXLj-W9IgvRNw,No
wPzUnWVsnBihKwPrqY579Q,Yes
Hwl0YnRcjqiuiOfFt-sjBw,No
vBgmLrVLuK25vBOn8n9iLA,Yes
tykV03Y5dfnyIU0rX7BPXg,Yes
mkn0Kd9MququOB8EZmFdrw,Yes
spNGvCuw5g-9PCGP4y4icQ,No
5WfI4LE-uzDScoVBWvwGXw,Yes
OKhY3DuFlKfn1xG8YMW4DA,No
m8BlwaoOUDQI0DLn24-wpA,No
WGAyRQPiWbPORoyq2T0vpg,No
zP6719DR2yoRPHqvZ6P3LA,No
mwUvS1KuiYEvjbpT7rTetA,Yes
SRHQEF2-VPS_dl1_ZDH0gA,No
bgTgerSav6-0u3V1cPCraw,No
YI4Lnn_yhP6E_S2z6BOI_w,Yes
zjdf_v77rKCPaMwSsFa58g,Yes
JsEwlEUZvxAmbffj-mpZHg,No
A0SYDO3rzf0cyN94yp0CQQ,Yes
uIbjgkIcDlFWb4CQTrJQKg,Yes
xP0fudBwGOgtT6p42ko84w,Yes
Msio5qOCIa73853zqKYicw,No
vvByRtc1g1e7IR0RovAC7Q,No
jJP0FVA7PY7R0SkGaNC9Kg,No
J9W4fPHfZlhwwtDmJYUaYQ,No
zYn0jFP6tidoGrXgjhU0uQ,Yes
gUJYDMLaeUv9h2I4AWZR9Q,No
A2tR7Mh8JvUB77TPKp6xAQ,No
6ZZF8sJM3Lpn30hhySBUeQ,Yes
DgJSDdnPOvLCCyuryIh-3Q,Yes
0WI316YX12PdFUfQdjPyvg,No
qbqb6kKNVrBtW0Fdo3TcrQ,Yes
0AVswTQY6lAR6FJ98Xyipg,Yes
1KwM-weXx_2X6yPHuFVFww,No
5nhC8o0M7th5n5MPQ1_zcA,No
uX5Sc4IPRqoH8rD6bqeDVg,No
72YcULbF8sJMWI6pDD6dRw,No
lmfaXAcr5fR2bczIYw_dkg,No
piuF4DdprICZgRentxcqvg,No
ulPb1OYY2gL7MwTpWoFqZA,Yes
lW2hcP2_cKOYES_4S_aGbQ,No
tqa_x6TZFgq8HJcDMxsS1Q,No
IkOy_aplgy0AHNPr8gQ-MA,No
HiQHuHeubkwmVNTgWF7ZQA,No
RzPNvu3s_jY8HI004bp2VQ,Yes
0dRWzQyxBaT4G3KWOyuBTw,No
AA33vLkS85EomMo3zglWRw,Yes
1HFZDsOTzbG0900LCdoIcQ,Yes
s_9jyt_ErswIY8pwwt_Gow,Yes
arImWA5B3U2o0ajGx3UBmQ,Yes
gQEZBdSgK-flrvCIsSlsVw,No
FPPo5MLt3tU-HXt-K41VtQ,No
jKPyosCZxgQim1y9Gf3M8w,No
PmtYlh5v5e_VrmhR45K6tA,No
I0yMgPMItmU4m0iuW3NDDw,No
QKlReOIoy5qRWv04P7QS2g,No
LVWjGq7lAyNxa4ZWaRyv5g,No
3u_aurIGf7S600MI9Ea1AA,No
wzmkkAQ-IGp2V-ZQfzzSQw,No
q8A_95fmclmAXa-_osdpIA,Yes
ER_VMRSD-9FSbw4SGGNQvA,No
3n5Nl5qTg4eXVesY-CrmXg,Yes
1Rs-pwLM21aN59wKlqWYQw,No
RGQmi1DNcbe8vHnHXZK3jg,No
-zn-lSmCS8A81TafzPFlhQ,No
VqV9crQXqFRqs9qmmP53mw,No
8ehEKnoY-ZFjRfM1q0Ybhg,No
__PevALd_RXmmrsoWYVbYw,Yes
Fzsghk-Tz-M4LmP55uC8Yw,No
Lq5E-kgn-hycdXa6SiBjVw,Yes
liamJHgg0WkWEbjOzjs5iw,No
Yw03gzPEegOQ0WHavs1lbw,No
5UvSFEk15cf6ZltrvjrWUQ,Yes
HVn5o4t04-etyoyXwl8gfg,No
i4nP1czE_Ug5-2Brh35_Jg,No
_6UaDhBtrc1iCwwUMmUXVA,No
G5v-SXzi_5QI3GSFe-HAzw,Yes
qkTSxqS0vdT_rNK08VkmBw,Yes
cvLkq3hxRKH--995r1gv4A,Yes
aub_SfJ9_Tw3UhyIRoYhDA,No
cES4op-QJOBOWBbDUdgXZw,No
KV5Bk2lERZ2RCB5mCBpK7A,Yes
3MI0JDRTTeJCvVf-I7c3yg,Yes
bbw7r4W1ejuqorFKi4uCBw,Yes
6VzrHq7ScQ79TvieNwEyew,No
fT1A70vywFnggHCv3H6B7w,Yes
8iwB9t0m6ztwguRz04HyYw,Yes
mAYvUl6UG1U9gDlMpf0_2g,No
71dL7aEORij5crsAURdhbQ,Yes
XQALtHGxiwQcWmm4w7slUw,Yes
ySWw4gXSTP1hhKxbg_g2DA,Yes
KDerPgfAZePKxu-sYdNpUA,Yes
7_gTMU7lksJ9xKRA0JyJhg,Yes
fzguh5MXbBZOAGz70eTZ4g,Yes
a5E-MyIH4zKa6AjhXICI0w,Yes
hFRr7fhpr7ET7ltx-NZtZw,No
n0ULOj-f6VQwBoS-7tHmUg,Yes
7Uey3OQfLxJgKE8KcFqUqA,No
7SDTtinE1xOSF2WoCL8OqA,Yes
xaGP8Dw_U-rBv3StDHRwzw,Yes
rE-hnUtbPP_bhEzYYGzw2Q,No
IyOyK6Bq98v4TWWxcF04aw,No
jukP6ivRxDKRZ0Um_ENb0Q,No
Ly0MTE94Nk4F-z5H0pJQiQ,No
eXlpmeC_7_xkv-tgX5Yq5Q,No
ySs53MHjF4O_hL9G4O3LgQ,No
Y6b6CXxYrseyVIKRLq1C7Q,Yes
GvBTwynyjalNWx1u7kXEBg,No
NzKmCXVqzleAHe2gbDuHHA,No
IGeY8YKOT7bmqwCXaBCwQA,No
4kNlRCeAC3-NTjg-qaPhKA,No
qIRto87bd27Sc4jIIM8PFw,No
gG4sfonlgn9EmHrOygH5IA,No
qTutBN2eY81xLz3TeGWAzA,No
1ZFNgJyHlxdm--uoSgGxQQ,No
BcInZSQYyH-aXzA_EhTMqA,No
Qtn0xqREKAl2IoMgCWZ8NA,Yes
_qAq7GI1d1l6WZnURSvJOw,Yes
3nTUYXtRWnnn2ES1Sah_eQ,No
H1E7DsgKBSuuXVeZIVDr0g,No
PJeCHFx-D-NpjF5_WaAS7w,Yes
K7P0AyH4V7ayuOuV2Fdx_g,Yes
8LBhdtHxzvhPu0N2j0eB4w,No
8T7tGrEsfroa5ed28QYpgw,No
HmX-Rqy-Kp22peQ_7r_c6A,Yes
PcA0v6w0ocbT4I9QcmexRg,No
qgq0usjnOA8qTWHdxbuzZA,Yes
5PsApTz-WqhF_-8mfqGtGw,No
QI7xmeQgXDi8JdumNtrmNQ,Yes
93QioVRZlMejZMoWcaiOFg,Yes
BlWrgrq8nRVvdQKO5_lzFQ,No
jCk7Scj8lviDBR9wmpyYbA,No
uEUs2nv-z6luBlEvdPl6iA,Yes
U5a-jKSjttY6w_yjyJP4QQ,Yes
nAcSP6U6E13EUuKEy2Y1JA,No
90Fl-neRnnX4Jjs8iixn_w,Yes
ziQ9b-nxL0zU5QOqrLmR_w,Yes
jcH6v_lmhGirWYP64I24eg,Yes
wkz0oLlPgQlbaOQ7TZYM3g,No
H4bx_VRGs2pJsu6kxXf1YA,No
N0Y8MQV8_L_9-nnT3jOy8Q,No
ys7cABzmfZgutwj8RkDHYA,No
u8_RnVT1ntjkKiPHcV0ixg,Yes
Wnlq7JQMLvPkFcB86QchGg,Yes
CmERQUTRfnCc4Qbi2txYdg,No
4VT8kIUlTa4d3mwWrGJ5Zg,No
GXR2Jv645UiQr971MZyHWA,Yes
CK7RDLvSl1wK7SOQwxVIZQ,Yes
nw8xtMR-lK65_wLxToRb4Q,No
qJTmCklFewfUAaDxnVLT5A,No
ZJSq5y3xJBenWE7sC_3ybw,No
f60CjyKjgllsYp_HAFmL-w,No
HVaH9DfvEojolY5eD4BXyA,Yes
PFrzGUgPzTq433UOGAiNNw,Yes
iStjBf0DeKHhwl0aLai8Bg,Yes
WlqFlOONyIpp5RGPoHMw1A,Yes
YHmkMjVaYbEm-Gb7oeSA-Q,Yes
ymeHja3va8mMzOl6Wqs0FA,Yes
r9JOS6nzQkxksWepe8MkJQ,No
OifUejV2JkrkObYiuxyTFA,Yes
I8LnJbP17NHjXx3910cNvw,Yes
YDRFdpHZxkfKczVzLO9dKw,No
4rDcuyO4XaYHpCVOyYbMeA,Yes
nShRz67QAUFHzVI_F7U5tg,No
V1enPf3FdF1zYBMABSiH_A,Yes
iahbhc0n0Kz6GauJdnVBZg,No
6JyxejyPF9sP0jF8RcBKHw,Yes
KfgcWODVfYCNx-aLpdh54w,No
Q9byaXvXjjsmtRpDKf-fSg,Yes
mzT33sJf_oR96wk_-aTvGQ,No
7DPJgMPt7og9rZxH_nI9Bw,Yes
y2qzm0Nc6wyjx3JGjX6Q_Q,No
bG6k1X79Csu4IAbVpfR4Yw,Yes
ydOrglIOU1ImnpU1VVHd0w,No
WqXwSoJdchQEcnjCwQ0q6A,No
0ggkjTO5IrbwumNj9MSTfw,No
1PDoqk0D4-ceAulw8wpF2w,Yes
uUFBetncPYNVDbBvkLsm9w,Yes
9MT90EaQdgMDUIIJwGUhtg,Yes
NDA4tEApjLPmXWtRnlJ1UQ,No
e4YB_9tNSOgN1MD65zZYNg,No
18PeE44vkZd3w3CwE7Ontw,No
pKW-5mKigIkzDW4kKnFgYQ,No
ZQw0aOLOdnNGYWX36yrtRQ,Yes
lCvpOdtlemoQiHunLLCteg,Yes
aF3of38uJXxv4s7wclQXvA,Yes
_z_uK0DL9pzwDr0ICZckBg,Yes
ir8P58xUyEXn3f7bT3eGFA,Yes
SRccbcO5mCsnEDsl098MjQ,No
X_4p1ah0rlTllAR36FF5Ig,Yes
ds_mJY7KKWOEpRVNScxUMg,No
9POwIcGkoT1HetDaAOjINg,No
wwpu_CYvAGLdau657UFLJg,No
xWc9AFVA4JKVD7LeJg074A,Yes
NeIEyiD-hOYYOQ1OS42Gdw,No
3li-hwPwWlDnc4smZMRRWQ,No
P9XGDkmb_o9_a6muE53muw,Yes
zt_Dy0aW6LLY_k2Uo-TxDw,Yes
P5GKdwI1v61ioccgVcKYzQ,Yes
2cnMQ_nUQpDcfA-ybTCkyQ,Yes
IjS-OA1nrPk5JYAmpO-sVw,Yes
zAckiVRDbQCq9qRRKqY2jA,Yes
B7OdhPAfEpCMYncSLOV3Aw,Yes
7SH6WIz-xEzYYeQj8P1TOw,No
b40fLiJS4e31AMDbHBCWVw,Yes
leMdfV1s-5RrMt7dQq_P1w,Yes
q0RB1ltAqpxJpD6yiqDkdQ,Yes
dL9sv0Ste_uTAX7JQDOjCA,No
fkrOhCRxcLdauEGp5Z2jxw,Yes
WyWc0aoyBOXpS-hrbCNNHQ,Yes
3BRNu8M9c8HkfkbKqpnWzQ,Yes
Jo8rPbHdtJpXfxvgYW-lUw,Yes
NkDuWSCvTi48CTZcr1JfDA,No
HMXiuCxHDXqMH1hBpaHd9g,Yes
pxlyXaLqzxj1mL5IRvAoYA,Yes
LBbeJ94Vy7QCm6j21Z3svA,No
wcCNZ3yP-gn0VLpI9WGeWw,No
JcpHszA7DxLm7yOT9KFokQ,Yes
CEHGE-oEbAHksJkImCH1jA,Yes
4tiPReYWQTq6IqEfwNIb_w,No
PNrrMM2G5eDwkOtwJnubIw,Yes
5HA3j3RnK6aDpTa0CVOITw,Yes
Jll1mjOfZK5eWa1S8ZkTkQ,No
BX6qjVwVDgYYGvnXqPkKFQ,No
Szjujj2ei3NYkk1_OnCF8w,Yes
0yBTz9aal9Emb8iyos1oqg,Yes
IftD115p3oomGgPS1Ih04g,Yes
WnhIaV34B-mlpvZr8URLsQ,No
0_1g3DSi_dg8qDBXl0UYYA,No
TIqkgH9eKvyZoMamNYUXyg,No
fE16kHE36PfmLV929QQxxA,No
FmQqp_CpEOu4kkxgZYRkaw,Yes
BoNxbP3jx-nJqLJXG6qHqg,Yes
hWaIpVxO7JnGBxxmtyp5Ow,Yes
K2xRFS-kKL1DXVd9bouNnw,No
wrVwYzAM-KzUfw2KHLysgg,Yes
mGc2dlITiE6qyASBjFv-AQ,No
85gSD7tDQ7EOqX9BSdxCEw,No
XvtGtby8Ymv9gEMhaf2_Hw,Yes
eA3pbjPPBn5FQN8jIo1Uvw,Yes
Vk15Ic7mZSXbFA3P62k3Lw,Yes
44KXM4oj4GpuHd4cAsgqIw,No
l9dpW_9GvhpDswBBbXKkJA,Yes
hdUaY6V6AsoC40etKPY2qg,No
jYV1WkRyIRJwjE-ZtNTW0Q,Yes
bxCGAfNNECXZ8EssE8yOVA,No
Ao6bXtB0DYtRzzP-LQUNVg,No
pp0kpgkPFr8JlHk_6UkyCg,Yes
ep1TKJkKM7TH3xicC6j6uw,Yes
CK57xx5tz5qN0aDc6nEJVw,No
vIgrzhbqdJ5YGf1TJPv5jw,No
giLX7ndl5XYIjq6o0AAMpA,Yes
TIROZsNwTbkLEblAIRkMlQ,No
H4AWE_WXvN4NQAzPUKGiJA,No
DpZ5CUg3gYO3hWrb9eh4-w,No
AdVVrTCnNxhM25l3tG-51A,Yes
1hcjoyTj3Hgi8WP4SNjgAQ,No
1E8d12t8oFkx4M3PSxVC3g,No
D7KM-WPvrJ8PvpLpwfm4nw,No
11wXnpi6xN96wi2suPDpUA,No
3YNT-Wea0BWOgpdu2LAveg,No
Eou2gm3wxqdRqiIO8_jy4Q,Yes
8UZ9Q1xheLSsyU3vK1-dLg,No
9VVnczBbwPgsG-feJNbjnQ,No
7_kR-g9BEB92ecDycjh5oA,Yes
y9ddM4DxgQ9sMv7TCaJEUw,No
X9sz3xeaLujW9PhsSLCQyg,No
2bCx2gmy4CNl7a9xO3EFQg,Yes
xZSCejglTwAop9TbN2cWWA,No
A8zsTObwYiNPjNk1P_uTeQ,Yes
ICp9SjFTnQzMSdB8w-GCQQ,No
CgUNA8d834YxUjmyOWT86g,No
SSR-t-eEPzpzWrEmWZMcSg,No
oisag2fubTTFNeo4PmUlrA,No
-99rAyLj7X3iRbwyPvT1CA,Yes
OpDmGhcvnDwkSU48ahfheQ,Yes
ohjD2T_d44_uBT3mBI_vFw,No
3BSx0MWS8j0yP6P6Qdfyng,No
8ekD3LlQafZf77pGuPUv-g,Yes
6_ZW2oTcJcT5LRLkq8U6Tg,No
YcbXzVg_m6-a-0o0-WvbOA,No
Y9_QVJ882gOwnsr6zf-f3w,Yes
SIoFr1NZHvi7miJVfNev9Q,Yes
go4MHh041ghAGe24hoPB1g,Yes
yf2wk35w_4qkGRyl42FKRg,No
ppOswtGisxUHqjeIW-KxFw,Yes
BcZFaIiaWPfpEXT1J-tSgw,Yes
8JSuL-XdxBLjETRiAxvenA,No
fBV-BEApoUs5baAUSc7arA,Yes
W2SAG0CfG2INgJnblHAL4Q,No
PMJEBkEfjRU-e7_pu13bYw,No
GLv7PEqqPrq1g5L1IezVPg,Yes
GhC9ij1uEVDJq6gmb3nnFA,No
FsoAkFwIKnnk66g73IvOEQ,Yes
GEnElIjy0HaLARZ0b6-EOA,Yes
y6mSWBgsjgLtAZmHAXMzhg,No
XB_D-mbFqc-JBMxHF57p1A,Yes
eDKbG7OgXGDmOjpJHYJicg,Yes
2uc3wphVZgESCtuGseyHow,No
9pBFfbZAdfdnDqOT0-bVNQ,No
K3XnQtB5uW10iJ1fiIQm3A,Yes
docDmLVgtf9zn0kgabvEYg,Yes
O1B-lQ37RoHLis-orL43Cg,Yes
SOdkuYyn5fGtGb4gXfAvUg,Yes
hcrRhct6szvOMn0pmr6a6w,No
bqrMUoV6FYDq3q01mh_ikQ,No
nSCqj9eawcFMSg9I2Njqmw,No
49LSM1L8otnJg7v0B2uhkA,No
z0rfbuUh_6FcWq_MttOf6g,Yes
l1150dcxG54u8ZHGIQOR6g,Yes
QoxeRBWFXgryfnP5uXKTYw,Yes
zCgkFMQJqy3Yh2viHhqgxg,No
RjolSzfxkTfw4SDbS5NpGQ,Yes
A2EQ-c_AaRoTmRGfO-HByQ,Yes
NMsNXqbIYxKcLl6_lW6fYw,Yes
TcPwF_TVfHd53ShyGUmHxA,No
a8phOs6TYkCtzKGrJWpTyQ,No
1i_8tukzH_A7rhpTFviCYA,No
T9Jm90vkIiiUNCkpsBUlRA,Yes
dlnw9yVGWBnu61G8Ccv2gA,Yes
2pE9_a8SH8m4vf-Ttux9dg,Yes
xxpKvaWBdsn0dxoP_QH0aw,Yes
Rh_DSB3az711xLt3QyDcYw,No
AGIULp3c8GX5Y1aNtz39Zw,No
eqvwM2nIaAEAyIE9VQQxBQ,Yes
45PlAV5pWIMAsgpl1p0E4Q,No
IVNlge2z7igHn6nXMTEsCg,No
BpzfxAG533sc8eRuPDv62Q,No
4EOCYVtUZxZPTbtU3UuSZA,No
8YgV6BZjrsRf5YPsuow_gA,Yes
4OBIOmbLGPesR_powNFJ1g,No
FAQO_ll8nqWIlAtz0Fe24Q,Yes
kton841tyPEJlVTHjtUF2w,Yes
oFgmYjWWvpPio6p9DBuDng,Yes
pPJs42gOQ785SfcRASK38w,Yes
5LppZSW_wSfDYaAA6EA_kQ,No
oM2M_aTcK1DrsRnaizQVKw,No
n73rxa6e6-fTIxQzfv4BuA,Yes
pG-PyLwPzwzC46Trup8icA,Yes
eXgDjkrE6kjVr7JwwcvxaQ,No
iyxRbGtUsN4xib3zjU3n1g,No
z_NB_FKmO5O41C8h18d_hQ,No
JPFa1q8l2OIecbXlMyQ-Jw,Yes
wmPAEUwk-MyTjp4qC9MRBA,No
AdqZ2udncWB3l7pZzFNTRw,No
a0cXjyIaPj-Kvbvd8nXJVw,No
8FKy64Hq8WCOZfgoBQ_WxA,No
Ug7-W8iLZ9odhSnAwSS01Q,No
JwdApbkI0m2bnJq9Gp4BDw,Yes
xwy__ErdofiKQVvfChy4Vw,No
GijFTZJqzeFZJzdeVvn_Mw,Yes
KSZ2btjDp16TVKwrFNjyOw,Yes
zmt70t744DKOUjEJJfntew,Yes
4EX_2W2kXLHXx7WGzwX-6w,No
ChhbIwrJTJkvEJ3pBLkO7Q,No
A0r7DJ1aeYJVr6UkxOUPMg,Yes
ZCQw2-OMiTp88YqNS_0Yqw,Yes
PTPqz31T315rrQlXolkptw,No
GBDqh4gHrvAEtwUYWRclCQ,No
DYuZKijAPs5mF-QvYQoWqQ,No
-RbnFMgmzTKimuIY59X_Vw,Yes
JaEWE15ydmqW_vhbJcY-Og,Yes
YYrk1Yn5POGfJC03nIxHgQ,No
IKc0q5qb0otVJuMESS6ssg,No
As9MxRxkjIv26yFci8_rVg,No
7FELNiHR86PECrJSnT7MsA,Yes
XpSXmVYFKCOmoqvU3kl-wQ,No
fP45Ns78xlfeAs2ouHklOg,Yes
SyfbON55XglxVDK8TuZz9Q,No
xmUhtxnZNP_WzSPc0ZU79w,Yes
XBLcnrqA8mxor9H4-83GEw,No
baGeYU6pE-3f93iL9qgU3g,Yes
iPVQBxRhnM2QuHkRnGm9VA,No
GuKC4EB32TxrvyHffPmTfQ,Yes
NFb4zqgY-P2A_ISUnJQsnw,Yes
gp4ISpF47wQN-6jntI7wcg,Yes
_U_lsW-xvGd3ixKiQmor7A,Yes
eJZn5KDPvlrmbDVNb6WJjg,No
cNK9MQ1fl826U1NdaTGbQQ,No
Qt7YnN-C_itDXz_uBJukgA,Yes
lk5-hHpqFsTVqVbIJRAiew,No
0c2kXt64GIlV0i9zagMjCw,Yes
Tc7252XLTV2YqqIUHi1buQ,Yes
9CS4JiJYPkunm-k95eXyvw,Yes
wKFF-JKmrj0k-un__fbTbw,Yes
_UcSVJwwy7r4H2tFvmDFlg,Yes
NOsvY8Gi4NfCLbhkZz6o-g,No
e7JuZmr7Zat7CQ5_ehJXZg,Yes
2xcfg2ibmxMNuZABFEt_lQ,Yes
NMgK8mchfcsWzK6MZQlEKQ,No
z6F-lEVWR-bQkOPGi1jgSg,Yes
rMO4HK4V8K3eE2_s22KbwQ,No
Fp1-X4Pt4XEuyiwAn6liGg,Yes
eL6KrC5I_IFKETuB3zDr9w,Yes
y5cajVFGBx8PfeAUlyqb7A,No
Hnf74SpjAIzgxLWIHgMBWw,No
6PnZSG6WitdUF7wxv3e0Ew,Yes
R30Gf658ZI5P7ZqfD5MjBA,Yes
22rhH7RSgLxQgAaHGP9gOA,Yes
Ke7luUMx-ystjfqSohh20g,Yes
EGbqrdkBtsyq1vae6_-G1g,No
PMPwtBorDKg5iaAESjUwOA,Yes
H2WnFudC-oDt9O8U2oAmSA,Yes
N7NKOcVPspSVFiL4Ys_sUQ,Yes
9mmALqxB_e16e5NK7Jt-GA,No
QAmmio3YXOPVVFqShtKcqA,Yes
x03b65sGbnxfLz4JV2w1lw,Yes
jAXKaam_N71mLnm7SQGcbA,No
j08lFPLiRjI2uHHRx8bC0A,No
lTt7BSfPtaIQJTaEuhT5YQ,No
-Jhi5kHKCDYHSI2ASX6Bow,No
2Q5teB546wrMPDHvBtwl-A,Yes
x8TVjthUlundAIge6IPQaw,No
VRqHybkBwfLdrMhgDH3rmg,No
MB7O_aKt0LnVTxMxO5MnJw,Yes
JAALBNcA7TYhXZqewIXOUQ,No
IivZPgN7tqXWj04DL45PsQ,No
iFtg7hMv4JwJJqwWA5Gk6Q,Yes
xg1d7HMB2mTP2s_pOtsKVA,No
O5jNjj55DNpMaU32As7azg,Yes
5oq_n-rGK_MzIyrAWmMY1w,Yes
8wpeI9v4Hw4MlaZqmXkzyw,Yes
ndYt6SjKra2kVJyosfASAg,Yes
pyvXH-U9JTQfq2wTQ4IsNQ,Yes
xSCML31WHdRJz6hxxdy7kA,No
1Zr95QWX9FWh396P5aVSKg,No
uDeyDoFTsEe6B9Ld1F1UKg,Yes
6Op6kvhAtHaShatJ0LIeDA,Yes
jAgewawt7zZnV_OxRmcFBA,Yes
V-DqXglP84Ny2lZPrfNx3Q,Yes
zGTyQRiW76VObjM9oSLKqA,No
lMWqu8WGmoDDEbmNc4iX8A,No
aIrHvk3wb1mxHcYbyf7lxw,Yes
0cJIaYhujjGnLprOQth46A,No
kWseEXgqeIPwgdJVg3Lp8w,Yes
SlF5ni_mtvK6dAh6pAr4PA,Yes
SdTxDZ4HjGjJz29odgbcaw,Yes
X-gfdg_O3b9Z88QSyh-fig,Yes
WLNm0iFedgvuo4Ng0aiJzA,No
-YAhnbyiKuZgpYmpQJ8RcQ,No
DtHsu_dWcgVkcaifLPxnlA,Yes
ARYxcqKTeeygLmLK1iEFVw,No
0jlUpkdXg3LCE44UKKhjqA,No
k4zizVWK7HzN-HT-3-402Q,Yes
bwusmOhe0KEmIumFS4R8nw,Yes
KQrLzcZr7TekYRAg52p_4g,Yes
7TLQNAvJUIDrIdI0x25qNg,Yes
bFOSD7ovliC6k9lWPB0BKg,Yes
3R0tzjuBCh52hXN_VGb1-w,Yes
beansf7SObVLCb1qvjgRFQ,Yes
JGEdtaljlJXqgimzmg2Euw,No
Z3q5KDZ8gNlDjWvi1dydRw,No
Suh5Zx3OP-2DRmxjncAKNA,Yes
CUvlL_M47LbR2XdWJH1RTg,Yes
Knb-oI7PmVteWzZJVB4lWg,No
2IOheCGC2vPrbbppEDyhoA,Yes
U2zhFVzEo0TzOF3mwI9-Iw,Yes
_Qe8g1ghZaY1yqGwkMB8Zg,Yes
x-aKXxMVa9s8GMUl57ad8Q,Yes
JYEV5I3e49PwHmVxOhnrLg,Yes
lfl9dEZLZYWy_frcoE8UwA,No
F4DMgUXnTCEnp4MO84nG-Q,No
dSQFub2AdIsDWsfST2QYrw,No
uiEVjqIIpSiOeL3bmn184Q,Yes
Bza7mT0KSX-2HEG3DZcFlQ,No
pMYQEJtZD65_zl7Ex2lwnw,Yes
70JVpl0fnkO_yWLYeajD7w,No
b-G5WTIxtk14aPUWw3Kf7w,Yes
Rm_0GSNQUvRMadI9kMW_Ig,Yes
A5otCZSUSUJv4_1FMrPsnw,Yes
zQqQe6I6kGlktNy7S8Grqw,No
wt8YY0acwmwD6ZrarESmLA,No
wlEV8uK53BYXf7lZEYBctA,No
ul7xJiNf_nlQjnb68WbR9A,No
T4Xn1LpOuL4IxBCGlto9oQ,Yes
DJ3k5jWNJYiZYOIDGAIEvA,Yes
IipLRkqCO8wmyoqSn1pDFw,Yes
hqLo_9L-FUJZa4z6uqdP7g,No
ZorGq4TIr84JNDVtaW_woA,No
dPhQU4EXmkoD7AkRktPSIw,No
68nXXzFyK8tzcBlv8eM3tw,Yes
ntMh1Cy_0pODF9hjc7gNLg,No
5INwFks2VG1QSnhKhmeWwg,Yes
O9Rk7A3E0alaBhvoWGM78g,No
raXXKqfC-ocnTVQFSoJLzA,No
ybffmrBiQU95octKppKQvg,No
xTIlZGN3hGiE9jSrlctBpA,No
sPAGskLJD0pSDl_QotGk3A,Yes
PEX_ZRDF4gaSsLQTJGfBgg,Yes
S7jk5EaRSYfcz6vy1dAN_w,No
yf42RxLRXcoMBwS4FwwMlw,No
9hM3xRci3qGp6O7dxdq9Lw,No
YrOTBdpzxekbWyM4XE9C9Q,No
gi4eilk0CJUmKfYcRKTRhw,Yes
pfylxJgUvC2R0-Ot1f1rxA,No
Y30ITIlmrIBIZI05DPlp3w,Yes
H0wQiyqAEi6DYJEg6ZzcKw,Yes
SkFt4K0kJ3vWC2a_Rk9-VQ,Yes
Tf7USKC41mEp7J7IhsiUjw,Yes
bit2vDSODW4niZ2wB7FmlQ,No
bEnjM3b2vTszVf00LVqpZQ,No
LhJzCGemu2PtYvpL72E72w,Yes
1mCrEfVh40CJb2Ytdh6YKg,No
QkVikDjt9blCNHbS2ZhngQ,Yes
wbqh7idQgUwcn6hj_2oF6A,No
W4yJrOKQ35y-_vIpWI5Gng,No
tkbEATzSKCjfoOfvxmoGBw,No
Zg-q9yn53g0_YP70XekjGA,No
8JqM5G_y0VOw3wlvTl17_Q,Yes
ixn5_kl0HLRjRNZnLn-mDw,Yes
_oNXZVqInK7Df847UyK8vw,Yes
TDirJtB76WNYVWGnuuV0Kg,Yes
AB4Gjd7DCLe2jYw7dawAzw,Yes
UZMCvKlWT910Qj4NUd1ELw,No
YiJR04Bt_EJF5bF_YqhKsg,No
L0UIAW4a8AZzZos3zyhasg,Yes
-F60MZqS1gebduEO4ZXrkQ,No
6IHCIUFYd1-hLaTMwY9V6A,Yes
REJjkCz0JYQCVzsn2MjTDg,No
eq87OnetYcvPxD_N8NtwPQ,Yes
CcLhGfmmbFgwlb_HdN2NOg,No
bfZ6JPiFPi1UQeosQ3fYrg,No
-QuBaSAqLo_7X_oxICHXgQ,Yes
wvofSleWlbHVxmLK8vAxeg,No
Ybr_AMeE68W4GiMppYib3w,Yes
ez0kkX8ORsk-5k9yG4NpUw,No
LP6pSgYMqm0dY4ctTSuhWg,Yes
jPzZkfLB06MRbXGTQTjPhQ,Yes
ngxT_wePbMQVs_v_R8j0Zg,Yes
rVcetAIQ8Eh0bplKnsNRAQ,Yes
Pat5JokQ25YKtYfqYu9RlQ,No
dRNZvYtl7rU0G5kzvlk5zg,Yes
QdtmJ6sc1vzpa27YZtyxVQ,No
FcHbhk2yY1nqlMUpI6QEog,No
5zaDIn0r3GvF8Ecsvgen_Q,Yes
dMPe3eNcgHb-534l92YJeQ,Yes
B0fBpezDvj2Bp-8KOlMMRw,Yes
9Z1xUCH2dKk58Q9CpgQxNA,No
pAMkMd-cqS4sMhsqfljOkA,No
WFD5NJDMOPSYP8_lo7TqdQ,No
nmE3iEdJXM0wSywBsSQcBQ,No
SOnrMSki73YIVNHoKXnePA,No
psHGQig4-rgIq1n-xKehMw,Yes
cLSF8urcVUUNYcA84fwIvw,Yes
Qx7Q1OHeWHvNaQLvCPsrXA,No
aFaOQFel8VkMqA5itiT03w,Yes
4BK8NAgFDWeizZhASo2sYg,No
3Pjtbk7Wk74SNaPiR1k8_Q,No
Oi-WeB9iqR8IWa4oLlPJzg,No
af0aREgR2W6BSMAofETHug,No
4droZrSKvd4UmQvCayFj8A,Yes
ZpoTjJwVnGaqY2BAsVO3_w,No
pD1sihUk3w6M9lpwzKcuvQ,No
9pF5afrrEgBVfWmf2EMvsg,Yes
F560fksjR_BWQFINvFRd1w,Yes
rwG7pbVfE4GtAp-TPo4nDw,No
Xnm9hgYhFQXr0EQJXKZWgA,No
_ihrL49Ua4O_qd_G-Yc3Ug,No
OhMod_jcp8kz2afxajIErA,No
u19fK4NPFH-shXWY5VFoHg,No
eP3xKXSr7z5ZEsq9kWYo5Q,Yes
Svx9EwvoWYbvUVwMdBQ4HA,No
MzxZ8i_w32yjkuiI-9Bh8A,Yes
HdkcC0ClqOvU3GnzUVw6oA,No
oEBHCuZtUpUMVhRrD9afvQ,No
IGBaK1_OTzG0b1lI45IH_A,Yes
zfQ5gbxPWdg1fuDutIaKtA,No
hLVS-qVCKZojoj-dYD5d-A,Yes
5z_6Kx3648C4tfBzD0FgRw,Yes
uXiHQBfCtzg6EzFvg4zTWw,No
9KlQYvdh5cfIHQZpY4ET3g,No
V5kAToQWpLPlptfVyFmIyw,Yes
lBRlHsXgBwWszAaVcV6dYg,Yes
NpMBPO5M2w-N3yVJAmeOMQ,Yes
iyT_ql92tzZ1yeXzD1sZoQ,No
mNSNd3RY7kamIDKyw0hHpQ,No
R3Raz3flSt8ITe-OZm0YeQ,Yes
3B33i7vqEFdZfQ3NK1wnYA,Yes
a7oLsH8qSTVOdTku84Q75A,No
NwdJhHFT69Xyi5jyNGeS3A,No
OEvP3Uxixx0_V7LMtpgWXg,No
uYNsFPZ0b9s5nXzKIezCUQ,Yes
q6mtHB1artXjnDItFUo90w,No
Pjr1VRlYgyxwW8EKa9MA4g,No
l4kxnh1SBhpSPcxD37lL-w,No
NP9wTlHR1Lz7O9mRouO6ow,No
JGUMHwl_ebZ2A2RpmAlBHQ,No
c8tULuz2steCR-9BsYkIxw,Yes
lPoVyFcs5q-pyEa23oFPQA,No
DiGbbIN_hAMcJcypD1qYsg,Yes
wnudx7PBqn5NqrrcQ8wgbQ,Yes
mCdKZJ0B0aKwItpcKVnzTA,Yes
l3-50HZkz5qOSPFUC27vFw,Yes
lbVWxfZod7g2-77A61ebcg,No
WARhLpZqe6VzGVV8WGpbCA,No
qRFM_PLwkz-S6HtsYI_2PQ,Yes
MBJeTGY7BuBhusXVNVDdIg,No
-0p-JeIeAY_u6NEEUMgGNg,No
faGz3lTVq4xdYFx-0TWU9Q,No
4mHq-5Xkt4URedN3wCyl2g,Yes
spQDQkRFQdI55NjhpPB2lA,No
zlg8Z8COVU1Ju9QNqdZA3w,Yes
LkRLrdw8vYTqJWKY0YMASg,Yes
jQaU3y0s_8wmlBj-nTE5iw,Yes
lCOSPk01ObaDned2-vD1DA,No
8J-IOGNzb1W9ZNM14MceXw,Yes
8PT7WurChS_Xtd4tn3g39Q,Yes
ZSLp_h_IMVVeNNq3ufWlfg,Yes
31MSzX7YZLUWqr5IoFhnJA,Yes
jYgqSazE0gUyI7qq086Dzw,No
hm9EEmlGjJ71zed3Sdfx1A,No
_Ctx5S3Ap_I8lHaTX7KDHw,Yes
7GTHn2SBneV7Hfxn2P04Gg,No
4AjNTDzZuZZLrh2r0D34BQ,No
jb4Im8IPjoyWa_b9ZHEv5Q,Yes
RKlK1BYAwkl6e-_9Ei95rQ,Yes
aB293R8KLmDJt9sX21IJMA,No
pdYz4Je0AhtA2PRtW45lfA,Yes
edUGgTbeaVc1lAG33JQJiA,No
wZSt5GebOzhT-WQg-hzjWw,Yes
9SxDVXytnCMkWPP-w_ZvWQ,No
902jWaofKrFUjyo5dOi8EA,No
RblU7XPfHuzlc5kmbDJQ2A,No
UAido61OqOmR4P7zQB-Duw,No
YcNL6pQPz2P26WiT05a0ww,No
tiUiwaUhgJMki693a6_6gA,Yes
xw6E98ssOcU3fmMBhmCdJA,Yes
IUUb4qaJyL-pq0-AVARw2g,No
WBGGwHNHRDGUzTtrO-sG9w,Yes
NWFL1R2KIw_U6WqDS-JlAQ,No
80Eno_qk6R8T1iTwC18N0g,No
-XGS0QxfGWkLvZM2MTOE7A,No
KKn33wInHLS2Q3zhQyZ2Hw,No
NxMMPmKRi4OSF8PoCw-vLQ,Yes
NOvyumkGV4kXnKCbYR5REg,Yes
AMCazFoXldQUKn6mnaycNA,No
73cpL-zz69Rm87wPD1RtBA,No
JD1_uwSON4JmLVFofRZczA,No
O-DmDGZaoayTi5nSdiKe2Q,Yes
_ezLVbMQ49iLn8RtWeV1aA,Yes
m6ndbuVttfdAiu8CmJWnxw,No
yeajKADeSv9Fj5wodi7kxQ,No
naQ7cwLV5RJQviTBfgMmHw,Yes
hQVcvX9S1LIXLe_cWMzQBQ,Yes
_HhW_2AHpq_pnn7tJIQLaQ,No
vCmaZTIxGmLJqh3qC2kL3g,No
o6sjFOTMGYG6YgMuGS_l7A,No
94t4-6E819Zakw-7RUMbjA,No
L7tamhi_RO733rSI9d6dTQ,No
8yzQTvTr2uFUzoBGyEWh8w,No
YJz9pRSkkMOIGMJ2cX8GZQ,No
Es2XfCY9TkthrKo3CCD6Qw,No
nYing7uxsH00QQGvJUqdcA,Yes
mpty5wOn8JRFpLF_NQU4rA,Yes
9fcN6YIzQnXLJ_CvuWHdhA,Yes
hZ0No6ZpmoqKObhSL_h7Pg,Yes
czqglVbODzr3JRXC3XMMiQ,No
qodaOBGbbqIN2_muU5OCyg,No
hNXC11fSAGTm9ksvmN_sPA,Yes
8o1ugackh3z4rxObT4Fl_g,Yes
efpuTP40ti2rotkkQBxvsA,No
gyy4YYGNmuJH6KxaB4FeGQ,Yes
TLD3oLgJfy5dToWO5tVhVg,Yes
9hz5Il6RRyGBW7FcwdZtaQ,Yes
cvNpGbSuvlaOVfTt_iIJ2Q,Yes
mdxfNCswP_2QWV8nXxfbrw,No
l1xHKh_MKYzDDaq3XOm8Wg,No
6VhcvzGrfYYSygc9UKYfQw,Yes
r802JbgczFezY49kuhW6wg,No
eVwcjPR986oudDqCS9Ao-A,Yes
6Uia5wMrQWwrQDadShJ5hw,No
PPNaY0O30suwHaiygBPONw,No
wltCnaLr6-HZlitQh09uRQ,No
PFIrTQ82SU-3foF59sn55w,Yes
QJom6ec8rcsJkjF03PxrpA,No
GtVsVznFezaZFSdLCKE-uQ,Yes
D2KANvWWWtHN519O3Jn-nw,Yes
VcI8npOTKdKN2KFS3H_HvQ,Yes
qA0Cq3rLJUisLZ8SAED5DA,No
D8FjeL_YwMtyvbKOE9Ysjg,Yes
CLYNQaqhxfQUzSPvsTrrsQ,Yes
5XDdbjcOZy_ugDf5oPbBlQ,No
GX_umbMasV-bIqN6669bBA,No
vhtM5zLlimnF4LKqVq9zWg,No
2JUVSceit_tqtUwctTz2VQ,Yes
4ZBTZc-SsW3M2Hkm4jE5nw,No
vEKv6kSJH3jDFXAL7Oocvw,No
1JKK_kmQ6Kxc6NzhQhcAOA,Yes
PSJGk8BEx5mGXaYj-t_tBg,Yes
m2wkorY10CNg4iGAq3ZSpg,No
Nq816Zl4rMKf5LSrgbAscw,No
AEbmAWffyETa2NHjpRw3_A,Yes
ML9k6toDUA5yxR1LxbmIAw,Yes
kdsoYV4AaTcar7Txaw3o_Q,No
6Y_S0K_4gHN3QhNWZUMmEw,No
g2LqasygXCwiNU_lcIvz8w,No
NpvgdYnRr469064wYLyCbw,Yes
l5uwrAu920Fe21_MOSLGug,Yes
aNqYMg7qOTZpqxnoQJnDlQ,No
SAP7Myf72pKvEc54Zl45vQ,Yes
1HKUMOYM_3EfMiE8Qy3M3g,Yes
6bBWckZe9uNBBC9DjwVXMA,No
csma_02vkf3Nmk5JTGVEqQ,No
It_G6mAnBRjdNfVbU8XhLA,Yes
8RKmABTt2OrDQ3zeZkkywg,No
Eemx8R6O6c2XZBapH_fa9w,No
SjrVyIeYff2jEWhdBCgXPA,No
DaW_u2aIfhvL9Tx5wDMKUA,No
ocGlGgaJxlK-4OFtY9DDgw,No
zqbwECf-hsC0-X06f1CZeg,Yes
MYW5JY8hThSncQ30XzKN9w,No
RgtHHCO5734yNDM0N9h22Q,No
af4xrQWJauZdltTnOnuDnw,No
w0Ssl0NAGmu0mtNr3LJaDw,No
dIGofD0rT5wOWmMbXVLqAA,No
C-Z9lG5jcMJcWe6J90lBZQ,No
OS0kKNR7NQY1AZEw4XYCdg,Yes
PK7y_PrT118FX6KasLdU7w,Yes
rXr7C1OJakG2S5-h7lzKdg,Yes
ES4J9ZsgMMtf57i3BW4jBA,Yes
6SYPN5IfqJvANUcm7J4jtg,No
4O0847WzcsEwbkzprHG6kA,No
RaYRTnvqN_8EBsLIAQlxAQ,No
7wH9j2Okud-MbLc-7lQ7dA,Yes
du6A7n697kbqVha_IqOM0A,Yes
LqpCGV7hDim7hp8EolFgRw,No
psMf2bKclLbdGabD85qk0A,Yes
9_sSOVF_PP658q1glWOBrg,Yes
x4970Eo2eHRK7_sz9RhwFQ,Yes
V16Mua3SnXLt95N4EEolTw,Yes
x8ANo6VhoHHPAPQ2tn91vw,Yes
dNfG3uxBmLHBK-1B5NQz9A,Yes
SFPkPoJx_VMmFg49TahNhQ,Yes
gs49HYKlf5JSngXIRxGLPA,No
wC1rzHB3Ib5UkcvAgeh1KQ,No
VbijLxuLbFPs6GBp3fV9DQ,Yes
GGv9sw09ZULDher5Zh2wxw,Yes
OSZ4glEEbBNSMatHe4aJHw,No
oC_D2U6EJUO3ktgEDQJxsg,Yes
XTvOVIoB4dWRPPnrRxyc_g,No
IFPmBTf8Bw6n4RyV9y8THg,Yes
P8plsFiw1_Cfq4B4u_n0mg,No
X3bKIX-3uk9970bNst49tA,Yes
toYe8fl8pGZ1y7aQbXDb4g,No
WxobuzDIB3LG3eHnrsT_sg,No
oMpabKPnDn63t8TOoFAb1w,No
lQnd1pwc1JdqYPn4N1Y3rA,Yes
eRx5HTVhaRq71zLqQYsotA,No
y4wbm5Si8r19NuUfz5NB3g,No
7DTW8prLURayPDfS5yT9hQ,No
mb7Db6Q_TUFNIMppOGjNjg,No
q_9uc7yr8KOpoU24WqomoA,Yes
DhtV876f92EBNC6Qfl4H3w,No
sSsx2OyLh2He0DzZEi_PJw,No
z1QhExIrJH0cnBdQKrsk0g,Yes
VqRcFCE-UBaFoCrfkCdgdQ,No
MKxf7mV-Oj8-4Qh8ePuKkg,Yes
OPfgKOm_n-ajUo3qjSEgRg,No
-N85ANjBd1f7bqKsJp33lg,No
2GUfJwqxWktBlzjb4osBQw,No
b3YqeBHPBqDMpZ8j-9-7kA,No
kYyP_0BC0KBJ-fKNSb4D3A,No
byi3QtpZ_A_dPMNQhE2vAw,No
VPRJKxUGHn4fQO4qnClyAQ,No
T60pEgx6BAVEIGn7i8Ov4w,No
IF6yI5SdFTLjhqWKS1KU6g,No
NBZ8U_8NnXEdH_1N8NAT1Q,Yes
8khF7JgiXvXfa8dzCkfBmw,No
1wAK4wP9wqJnMD8-JZF2Cw,No
_ecyB_U0kGgtFTkDsNpLAQ,Yes
-wYpXmPG0PppHLVdg8w7fA,Yes
H6FN1CIoCl4VjJ8fa8_XGg,Yes
vjy1dgHu9SjALS_8aFaTMQ,Yes
px67zJJntVrgXq6yphXn-Q,No
GOzDwMv8AjzUSufwVNcSzQ,No
_i20knums1AHZUq6pk1wJw,No
XTTdaDYY39vVVl-27yE4uA,No
9Bm7ASRC0qugEOMS9pbdeg,Yes
ObnED4LiEb3AhrNOZ4QvCg,Yes
qFh_wh_yFJKQHVfuDQfpOw,No
qoPWAwq_4UCgQ5RJwMbHfw,No
O6gMTj-bFPhj3cG2d8a2IA,No
ccsaDHSsbJJsRwSRIUNjuA,Yes
cMCZspC5dgFRJT8DKg5NBg,No
i3ir1uB7cF_DAucRsDufsQ,No
V54jKlDYFCjMWRjptvN2tg,No
OnK3gccGC8iBCSHxtTliUA,No
J4dYSpqy6wxB2c8XNgsIJw,Yes
dCfMUzd6rHCymBbEvWgY6A,Yes
T-zqS2TAbVgfmuF-vt-KFw,Yes
dyV2cPQMIbA1CVWYh7vMEw,Yes
f91fU9d8hvKNQ1dM_QGFqw,Yes
KynqYWzIyBnP2uLbAdRnig,Yes
qGsVl_oFbIYG2SaqFb7_2Q,Yes
Ar6kiD00msytHqXhkeVbOA,Yes
-KlfF_le09S_FP2QhLmS6g,No
eqF_6UU-PWgeu42rBvaNzg,No
j-uWRhJ9fpojdrBA9B_Bwg,Yes
kvvu7cgqoIhGIRh9n7VvjQ,Yes
_QmquSKM4mRGKudj_L8DAA,No
BirfrRk74soiX5HYn-sZFA,Yes
f7OU-Qdx4RDl7uP1Dpj6VA,No
HWun8yEpu1NjyZH79lFJmg,No
C6p07gi6VWhb2bSSdhWeRw,No
F3qTVP166i9OrgMSTIt2ow,No
DICx--nm1SQgP7GieO14FA,No
vN6o3J0sO6Xpx684FZVhRA,No
RfIt31pAElyaUK5N9UmKYw,Yes
KFknGumVCyYOjXfS20dVTg,Yes
pje5W0FkFiEhyE2H_AcEFQ,No
l5_jd7YrD3NQeKu7AGQh5Q,Yes
UaXLppX03DdHu_hYNWEoIw,No
g0BYeKd1vArJHSnimMBEZQ,No
hxW6hzSUJV3CzrP3HTCZAg,No
oHUUib6MhY7rb0DFZuuFgA,Yes
I8-IS1vJIHNfN5l2AIwJ7Q,No
L21Cx0iGXpqNktagZ44_Nw,No
nRLW0LmakcgSbiW2Qygrqg,No
wsw77Ib7qrTNpVTAHAiUbg,No
F317GtIk6eh9ra0A8szBlg,No
rZM3wfiDM1XdKme9IGsxAA,No
1SepOb8_EleJrAI92czkwg,Yes
0RoXdwfWFuy5m0k_Z0MVHw,Yes
adAlZ5vEHDMdj2en33MpQg,No
f0DxwdjvRSKw7y0DNNGS5g,No
Ndfz34heQ58C0bnIRE5i3g,No
vvkOZd11l5YSQCx8u2XYXw,No
rv-DAZrhyK001pK0eZoUXQ,No
RV-8X60j1oYGGS89gzG62g,Yes
ms0u1LKIsDFwnFk8t8_3Ug,No
0kgRJj0gIbOsdcnLJUuQnQ,No
usQRZ_mE5sPCiq9G7aJ64Q,Yes
Cu_p1UOsAAux9Thkg4xUaA,No
B3pj7ErDF4ZcvG0EWKlJdw,Yes
uhkZV0TV2WttuflbvZBWsg,Yes
euGV2OSxvkzvhjifg7Sa8g,Yes
eUFopO8orZgfHXsc1UNJGA,No
H2jdWyu5bmgOaPheU4m8aw,No
qGEFOpfif31NxvaGspIsng,No
RlrYKNPtRX1OKe7hdiNZLQ,No
dCNw_TDoRIHkzeb30sNWgA,Yes
qKg2S9xW-EPcBf29w6bSSA,Yes
QJgFyV4K798EWv-y_0n43g,Yes
WsCJatT22j9SAYs_mtmfUg,Yes
paLfnK14eROvd5gxYY2ziA,No
Qr7_j-SmBe5evwmRQknEwg,Yes
WZnsB9khnbdMWqudO00ysQ,Yes
mM6CxlWxzKENMwSO5VQynA,Yes
9bqn3lL45EkvgMZc41o0gg,No
hN5aGxLvxEJfw3RsPhi_xg,Yes
wtS5bkIPovSe-U61B1NezA,No
-jVXCu8vlfSk8_hhUk2stg,No
SKO6VnFQUq1awGu_EV47uw,No
eV9yKDPXujKtReIl_Tekgg,No
jiCwCveYQ_VL7c4auB-TdA,No
pHlLvoYq6jTmY2q8NQrktA,No
2yH9vnDE-DsoZN9jd9xwMg,Yes
dmkDZKPsK8lmwFuLiFQ0Zw,Yes
GgdA4sbPq2_biTcG4c0S0g,Yes
pDAXJXLREC6liKgH49lHJQ,No
tQgSi1KzBnQh7SfKNjlsDA,No
xA4q9OmjABydFK0JMWSgog,No
wGlV1zd6eT2bGEhHwu7j1A,Yes
3yHzYOSTg25CNbTaoK0r9g,No
fxudHzzwcqBJ-_spmr2wYA,Yes
8JzS2dXOMctq_3sShd4Adg,No
TnAVGFHNXKRGaVaMR756vQ,Yes
wMgiCoMIXXxv1iLcXuWQEQ,No
a5n9Szxz5E1J5euoxcsCvQ,Yes
6Gk6nlbdEsQ9Be06IdT8ZA,Yes
4EXcN3GfOVbc24w1gPxBwA,Yes
Mi25CjCDKN2Ce6w1-MCAZA,Yes
arwDFa3aYC1ceGYBUKO-nA,Yes
yVrMyybfT45eRn5goZ0hpA,Yes
MzPR0O4yJcj9pMwdVOyZPA,No
9HnH1fKBoU3HAVYiS-BPMw,Yes
Zx_uwbccZheCd-QgZxkv6g,Yes
CFOSShTzxOjYi_9etuoLVA,No
mhUqPiPPygBHwMpfKFaIBQ,No
8UBvnzzudKkA60yt470k3g,Yes
0hCZok0kiH-EiLvJL8CABg,No
3MTg6H7vM-uWXTJV3dUfKg,No
WO-eDWGzs86oRctco-cP4A,No
WsTX-SKRMyDw_s2qiAaATg,Yes
-TOfMl4hLjH1iOQStV1opw,No
g-L_Xsg8OEBMDraWn3dIgA,No
398Qn7mF5X2e8ACS7CNQOQ,No
FzKGNIlkH1gCYAUvkTAhYA,No
yyOOqff5xdJKXM4NvgTVig,No
7ir-1UF86euZr77zgwgDPg,No
ql4rSBGp-eo3Lq9l3TQHMA,Yes
cBifD6-Xkao1W_P0aZ21JA,No
_1H4gAhCCrdmvB-WPM6u5g,Yes
RpECLdpXyIW650_aX6zlIg,Yes
7771reSOaqw3WNlOfD1wFA,Yes
l-CaQe67hpzt-nSCopQk_A,Yes
JhfbweTQqfK3GDa6M1CBCA,Yes
iZqgzrxxYWW9tOwOytVwDA,Yes
pdNRH4yywzRrjIHIXbyPFg,No
m7xj9lBy8RgmrEao7k_XnQ,Yes
ObEam6AKvuJZrHuz_pNdEQ,Yes
es0HGPum5bOj-HnOGwN15w,Yes
8FbnJh1OeomlQQgDw7fF_A,No
h9GRXMgBfwIhZhz1evPpyQ,No
Aa1N3OeSjKdO1hPX4bM9Jw,Yes
14BC0xaK8gtLpEta0oIFIA,Yes
mkngYRCe4aNK8aAlZNZvBQ,Yes
cuI7mcKFhsb0uSsp_AA8WQ,Yes
gKJjDQ1E_0tCSjaYPA7DKA,No
qsgaek16lUMEHP-7JPEk6g,Yes
cQFgfJH3c9JigHkXZpe6Fw,Yes
NTiQVg-4LNrGLMpyX9hCRA,No
xpw76c97LbTqx5u7NttEng,No
cYqvVQUQ7A3sQ3meaIIQ6g,Yes
63PrCfBDcRpBf4MT-6_gQQ,Yes
CVpBTT2a9Q4dWXZTC8aATA,Yes
FEvYAq495bI8CkkEEWoVzQ,No
R9_h4hAICTv4roB0yfrkmQ,No
rgLEiJ8V3GC_iikZw9BjSg,Yes
nd3k1lDrWedcLNX3o6-5uA,Yes
bSoZryROUrzPGY8bJ4UUXQ,Yes
OocbOuqATx3IIvulYbMC2g,Yes
n4wdjVNam0rA94ccriVITw,No
cvehjqIA_yjGOKEaty_2RA,Yes
NZSYVXnVNAN4xmC_788Lkw,Yes
Ju5gf5DUVhZ0nU953gtpug,No
CQxWir5pf19BTtA6C1_35A,No
SKUxSni3RpktdICDmTqKxg,No
tJj3EJKMJGQWElCPQ_5acA,No
b5vnVWT8nl6eB2gOqwt5yw,No
32nZlsE397YZeE8ZPXWD3g,Yes
O9RGk7qf6JegpxqpdDDvLA,No
krcEyMc07XXdf1KrRBm1Vg,No
rBDZ_r-iRS8A6r3VOoR19Q,Yes
ZF4kYeFQNZ26CnXLww7BqA,No
snTwH2EKG9LIh8GzPgDv8w,Yes
PFD5ykyHB3BLOp80ypoDTg,Yes
NMAiqGPXGKhdI9uHbcgElA,No
4u85Jrp6_3o-veojE80Lkg,No
qNGQbu_4VH5RciGTV5b_tw,Yes
xeFke1EuoYXOZaX1rTQYEw,Yes
DhElVS8nqVi_YYOy09ILCA,No
Z5t2-AG4xlmAYT_9RTPT-Q,Yes
G2TqhledB7v5F4aGFeK57Q,No
ovxVjom2FMhViGLHFH46Ug,Yes
cd08EgDTHgqWy09Mtsd8zA,Yes
Tuexs6jF9pEsXn09Pc_jvA,Yes
iC_2zz1c2eLFsXrRY9Na1A,No
5XfAC7IncI1jqad7rG7Mxg,No
PldoBVdlSO4XPNtl78o9Mg,Yes
EPGKI3NCZzvgnIDgtD4Ptg,Yes
IrY5dY1wTRGeh_zEVUwLkw,No
Xph7Vfqxyjyynr-aE06fMg,No
sFs96xAAC0Yan0d-TVaLJQ,No
WhJOeBwayM3ol86Pzm8wtw,No
_bAsaxxpszh4daz3ZgcmEg,Yes
7r311z2Uq_UzHqu5hiipxA,Yes
e56Itu8AwOurYx1pQxdd8A,Yes
qg14R-Jl8ljKoS1jfbZZcA,No
7VmxknsFHxga2N-5IvehEw,Yes
BoRv63jHbYyVAYrzG8OLIg,Yes
xRvbrDDE32cBN8ehgv-UGQ,Yes
MX0ee_siOqeRwKK4vBGz4w,Yes
m9lY7-_STgR1zunqOY9G8g,No
xMGmJScyc4Qix6LZbUcEjw,No
AvxAJ9evIKDlagC_iS-jfg,Yes
fX3MMoxm5KgYWMjcQbXYlQ,Yes
3Uxb9bSqaOGMgqyru22Chw,No
LTHW4aqT3uNeRm5UhfbPDQ,Yes
EvUBrNbcB9hg7druso7QgA,No
-qDkxBd-FO5rNFDfBJLkCw,No
Wxh-ybNLiyv6XCYuV11K1A,Yes
SHJTY1y2g8IV9ftpgeCKmw,Yes
V-qFRWc2Gv6bb-mcDz5QYw,Yes
tW9QC43er-ZXd7HBIGhW1g,No
66sKQ-2fCebshbzJsvItIg,No
aTAe3uMYBEwU0FbTMFEI5g,No
GSW508Gb5ugE6ZHCqeuwUg,Yes
FIzWwr0q5nOR7ZX5aUZifA,No
ZQpR1fsIBndGDzhlKeqvQQ,Yes
RPkpaKuqcJ_5bflxfyB_cQ,Yes
URtPw-ehpESJmTc2js6Iog,Yes
ErGiFJvoQkXGG_8DO1p1Yw,Yes
C76s8-1YK7oBX1pSAW56JQ,Yes
nS5YL3-TtI9YIPlWZbcoNA,No
F6AaT6EbPPJAIVpiw4wR9A,Yes
UXTQ6_CJiCNq3ovB6_-K6g,No
kwS-Ssix52YbTFLSMpbFAA,Yes
JYK_gPo61ZRCoLRCOIb7Jg,No
Kivv1ci2XueWP23QSt8uCA,Yes
Spvl69Qy_YfxhJ0HY3d-_w,No
y-vHCBFQCDMwzsMwJmu45Q,Yes
nWp-P80MZyQtdyR1sgwx-Q,No
q2UFu4CawKYBRT218sCTig,Yes
YpBky_FwNgCblzRfzRjF4w,Yes
735r30NukGIs8mCzJgHpXQ,No
0TuEReBe1Ar0ag-4LzDkmw,Yes
uw1aCHtqaxgx41A-0IbvEQ,Yes
DsAavI2hWtGD2GpRUCVt9A,No
HyNXSiCZbLsd16b8Ht0YtQ,Yes
5BK64KZSZQ326XL6IwUTbQ,Yes
